timestamp,department,kwh
2026-09-15 00:00:00,Kitchen,0.445
2026-09-15 00:00:00,Laundry,0.307
2026-09-15 00:00:00,HVAC,1.458
2026-09-15 00:00:00,Process,1.253
2026-09-15 00:00:00,Lighting,0.347
2026-09-15 00:15:00,Kitchen,0.440
2026-09-15 00:15:00,Laundry,0.248
2026-09-15 00:15:00,HVAC,1.715
2026-09-15 00:15:00,Process,0.993
2026-09-15 00:15:00,Lighting,0.402
2026-09-15 00:30:00,Kitchen,0.446
2026-09-15 00:30:00,Laundry,0.301
2026-09-15 00:30:00,HVAC,1.574
2026-09-15 00:30:00,Process,1.213
2026-09-15 00:30:00,Lighting,0.432
2026-09-15 00:45:00,Kitchen,0.375
2026-09-15 00:45:00,Laundry,0.281
2026-09-15 00:45:00,HVAC,1.805
2026-09-15 00:45:00,Process,1.174
2026-09-15 00:45:00,Lighting,0.374
2026-09-15 01:00:00,Kitchen,0.397
2026-09-15 01:00:00,Laundry,0.316
2026-09-15 01:00:00,HVAC,1.414
2026-09-15 01:00:00,Process,1.180
2026-09-15 01:00:00,Lighting,0.417
2026-09-15 01:15:00,Kitchen,0.380
2026-09-15 01:15:00,Laundry,0.266
2026-09-15 01:15:00,HVAC,1.513
2026-09-15 01:15:00,Process,1.113
2026-09-15 01:15:00,Lighting,0.366
2026-09-15 01:30:00,Kitchen,0.466
2026-09-15 01:30:00,Laundry,0.313
2026-09-15 01:30:00,HVAC,1.518
2026-09-15 01:30:00,Process,1.222
2026-09-15 01:30:00,Lighting,0.334
2026-09-15 01:45:00,Kitchen,0.373
2026-09-15 01:45:00,Laundry,0.293
2026-09-15 01:45:00,HVAC,1.734
2026-09-15 01:45:00,Process,1.198
2026-09-15 01:45:00,Lighting,0.432
2026-09-15 02:00:00,Kitchen,0.462
2026-09-15 02:00:00,Laundry,0.262
2026-09-15 02:00:00,HVAC,1.709
2026-09-15 02:00:00,Process,1.231
2026-09-15 02:00:00,Lighting,0.337
2026-09-15 02:15:00,Kitchen,0.419
2026-09-15 02:15:00,Laundry,0.253
2026-09-15 02:15:00,HVAC,1.440
2026-09-15 02:15:00,Process,1.094
2026-09-15 02:15:00,Lighting,0.398
2026-09-15 02:30:00,Kitchen,0.476
2026-09-15 02:30:00,Laundry,0.251
2026-09-15 02:30:00,HVAC,1.602
2026-09-15 02:30:00,Process,1.253
2026-09-15 02:30:00,Lighting,0.408
2026-09-15 02:45:00,Kitchen,0.424
2026-09-15 02:45:00,Laundry,0.260
2026-09-15 02:45:00,HVAC,1.659
2026-09-15 02:45:00,Process,1.026
2026-09-15 02:45:00,Lighting,0.395
2026-09-15 03:00:00,Kitchen,0.437
2026-09-15 03:00:00,Laundry,0.271
2026-09-15 03:00:00,HVAC,1.732
2026-09-15 03:00:00,Process,1.070
2026-09-15 03:00:00,Lighting,0.377
2026-09-15 03:15:00,Kitchen,0.459
2026-09-15 03:15:00,Laundry,0.260
2026-09-15 03:15:00,HVAC,1.459
2026-09-15 03:15:00,Process,1.123
2026-09-15 03:15:00,Lighting,0.373
2026-09-15 03:30:00,Kitchen,0.464
2026-09-15 03:30:00,Laundry,0.260
2026-09-15 03:30:00,HVAC,1.542
2026-09-15 03:30:00,Process,0.964
2026-09-15 03:30:00,Lighting,0.375
2026-09-15 03:45:00,Kitchen,0.398
2026-09-15 03:45:00,Laundry,0.276
2026-09-15 03:45:00,HVAC,1.718
2026-09-15 03:45:00,Process,0.958
2026-09-15 03:45:00,Lighting,0.432
2026-09-15 04:00:00,Kitchen,0.445
2026-09-15 04:00:00,Laundry,0.304
2026-09-15 04:00:00,HVAC,1.617
2026-09-15 04:00:00,Process,1.124
2026-09-15 04:00:00,Lighting,0.370
2026-09-15 04:15:00,Kitchen,0.408
2026-09-15 04:15:00,Laundry,0.258
2026-09-15 04:15:00,HVAC,1.512
2026-09-15 04:15:00,Process,1.037
2026-09-15 04:15:00,Lighting,0.363
2026-09-15 04:30:00,Kitchen,0.468
2026-09-15 04:30:00,Laundry,0.303
2026-09-15 04:30:00,HVAC,1.663
2026-09-15 04:30:00,Process,0.951
2026-09-15 04:30:00,Lighting,0.355
2026-09-15 04:45:00,Kitchen,0.425
2026-09-15 04:45:00,Laundry,0.295
2026-09-15 04:45:00,HVAC,1.564
2026-09-15 04:45:00,Process,1.141
2026-09-15 04:45:00,Lighting,0.423
2026-09-15 05:00:00,Kitchen,0.393
2026-09-15 05:00:00,Laundry,0.271
2026-09-15 05:00:00,HVAC,1.717
2026-09-15 05:00:00,Process,1.044
2026-09-15 05:00:00,Lighting,0.404
2026-09-15 05:15:00,Kitchen,0.408
2026-09-15 05:15:00,Laundry,0.242
2026-09-15 05:15:00,HVAC,1.583
2026-09-15 05:15:00,Process,0.967
2026-09-15 05:15:00,Lighting,0.410
2026-09-15 05:30:00,Kitchen,0.461
2026-09-15 05:30:00,Laundry,0.282
2026-09-15 05:30:00,HVAC,1.779
2026-09-15 05:30:00,Process,1.012
2026-09-15 05:30:00,Lighting,0.374
2026-09-15 05:45:00,Kitchen,0.382
2026-09-15 05:45:00,Laundry,0.245
2026-09-15 05:45:00,HVAC,1.745
2026-09-15 05:45:00,Process,0.962
2026-09-15 05:45:00,Lighting,0.426
2026-09-15 06:00:00,Kitchen,1.067
2026-09-15 06:00:00,Laundry,0.739
2026-09-15 06:00:00,HVAC,2.097
2026-09-15 06:00:00,Process,4.679
2026-09-15 06:00:00,Lighting,1.461
2026-09-15 06:15:00,Kitchen,0.934
2026-09-15 06:15:00,Laundry,0.638
2026-09-15 06:15:00,HVAC,2.159
2026-09-15 06:15:00,Process,4.205
2026-09-15 06:15:00,Lighting,1.191
2026-09-15 06:30:00,Kitchen,1.138
2026-09-15 06:30:00,Laundry,0.699
2026-09-15 06:30:00,HVAC,2.537
2026-09-15 06:30:00,Process,3.911
2026-09-15 06:30:00,Lighting,1.408
2026-09-15 06:45:00,Kitchen,1.036
2026-09-15 06:45:00,Laundry,0.729
2026-09-15 06:45:00,HVAC,2.340
2026-09-15 06:45:00,Process,4.776
2026-09-15 06:45:00,Lighting,1.481
2026-09-15 07:00:00,Kitchen,3.717
2026-09-15 07:00:00,Laundry,0.669
2026-09-15 07:00:00,HVAC,2.192
2026-09-15 07:00:00,Process,3.792
2026-09-15 07:00:00,Lighting,1.211
2026-09-15 07:15:00,Kitchen,3.845
2026-09-15 07:15:00,Laundry,0.657
2026-09-15 07:15:00,HVAC,2.649
2026-09-15 07:15:00,Process,3.885
2026-09-15 07:15:00,Lighting,1.395
2026-09-15 07:30:00,Kitchen,3.161
2026-09-15 07:30:00,Laundry,0.662
2026-09-15 07:30:00,HVAC,2.566
2026-09-15 07:30:00,Process,4.327
2026-09-15 07:30:00,Lighting,1.519
2026-09-15 07:45:00,Kitchen,3.150
2026-09-15 07:45:00,Laundry,0.655
2026-09-15 07:45:00,HVAC,2.106
2026-09-15 07:45:00,Process,3.864
2026-09-15 07:45:00,Lighting,1.532
2026-09-15 08:00:00,Kitchen,3.461
2026-09-15 08:00:00,Laundry,2.582
2026-09-15 08:00:00,HVAC,2.293
2026-09-15 08:00:00,Process,8.367
2026-09-15 08:00:00,Lighting,1.422
2026-09-15 08:15:00,Kitchen,3.072
2026-09-15 08:15:00,Laundry,2.270
2026-09-15 08:15:00,HVAC,2.406
2026-09-15 08:15:00,Process,8.493
2026-09-15 08:15:00,Lighting,1.438
2026-09-15 08:30:00,Kitchen,3.140
2026-09-15 08:30:00,Laundry,2.406
2026-09-15 08:30:00,HVAC,2.740
2026-09-15 08:30:00,Process,8.191
2026-09-15 08:30:00,Lighting,1.444
2026-09-15 08:45:00,Kitchen,3.151
2026-09-15 08:45:00,Laundry,2.476
2026-09-15 08:45:00,HVAC,2.910
2026-09-15 08:45:00,Process,8.773
2026-09-15 08:45:00,Lighting,1.370
2026-09-15 09:00:00,Kitchen,3.819
2026-09-15 09:00:00,Laundry,2.412
2026-09-15 09:00:00,HVAC,3.509
2026-09-15 09:00:00,Process,7.950
2026-09-15 09:00:00,Lighting,1.513
2026-09-15 09:15:00,Kitchen,3.271
2026-09-15 09:15:00,Laundry,2.402
2026-09-15 09:15:00,HVAC,3.944
2026-09-15 09:15:00,Process,8.789
2026-09-15 09:15:00,Lighting,1.353
2026-09-15 09:30:00,Kitchen,1.001
2026-09-15 09:30:00,Laundry,2.298
2026-09-15 09:30:00,HVAC,3.794
2026-09-15 09:30:00,Process,8.728
2026-09-15 09:30:00,Lighting,1.296
2026-09-15 09:45:00,Kitchen,1.035
2026-09-15 09:45:00,Laundry,2.647
2026-09-15 09:45:00,HVAC,3.781
2026-09-15 09:45:00,Process,6.945
2026-09-15 09:45:00,Lighting,1.357
2026-09-15 10:00:00,Kitchen,1.187
2026-09-15 10:00:00,Laundry,2.871
2026-09-15 10:00:00,HVAC,4.062
2026-09-15 10:00:00,Process,8.421
2026-09-15 10:00:00,Lighting,1.475
2026-09-15 10:15:00,Kitchen,1.074
2026-09-15 10:15:00,Laundry,2.498
2026-09-15 10:15:00,HVAC,4.127
2026-09-15 10:15:00,Process,8.245
2026-09-15 10:15:00,Lighting,1.420
2026-09-15 10:30:00,Kitchen,0.966
2026-09-15 10:30:00,Laundry,2.339
2026-09-15 10:30:00,HVAC,4.204
2026-09-15 10:30:00,Process,8.517
2026-09-15 10:30:00,Lighting,1.496
2026-09-15 10:45:00,Kitchen,1.055
2026-09-15 10:45:00,Laundry,2.681
2026-09-15 10:45:00,HVAC,5.190
2026-09-15 10:45:00,Process,7.051
2026-09-15 10:45:00,Lighting,1.357
2026-09-15 11:00:00,Kitchen,1.035
2026-09-15 11:00:00,Laundry,2.869
2026-09-15 11:00:00,HVAC,4.608
2026-09-15 11:00:00,Process,8.558
2026-09-15 11:00:00,Lighting,1.215
2026-09-15 11:15:00,Kitchen,1.083
2026-09-15 11:15:00,Laundry,2.885
2026-09-15 11:15:00,HVAC,4.633
2026-09-15 11:15:00,Process,7.764
2026-09-15 11:15:00,Lighting,1.163
2026-09-15 11:30:00,Kitchen,1.053
2026-09-15 11:30:00,Laundry,2.590
2026-09-15 11:30:00,HVAC,6.112
2026-09-15 11:30:00,Process,7.770
2026-09-15 11:30:00,Lighting,1.505
2026-09-15 11:45:00,Kitchen,1.117
2026-09-15 11:45:00,Laundry,2.849
2026-09-15 11:45:00,HVAC,5.326
2026-09-15 11:45:00,Process,6.917
2026-09-15 11:45:00,Lighting,1.402
2026-09-15 12:00:00,Kitchen,4.101
2026-09-15 12:00:00,Laundry,0.725
2026-09-15 12:00:00,HVAC,5.180
2026-09-15 12:00:00,Process,8.028
2026-09-15 12:00:00,Lighting,1.451
2026-09-15 12:15:00,Kitchen,5.194
2026-09-15 12:15:00,Laundry,0.641
2026-09-15 12:15:00,HVAC,5.279
2026-09-15 12:15:00,Process,7.627
2026-09-15 12:15:00,Lighting,1.529
2026-09-15 12:30:00,Kitchen,4.284
2026-09-15 12:30:00,Laundry,0.695
2026-09-15 12:30:00,HVAC,5.714
2026-09-15 12:30:00,Process,6.843
2026-09-15 12:30:00,Lighting,1.365
2026-09-15 12:45:00,Kitchen,4.351
2026-09-15 12:45:00,Laundry,0.694
2026-09-15 12:45:00,HVAC,6.400
2026-09-15 12:45:00,Process,8.165
2026-09-15 12:45:00,Lighting,1.254
2026-09-15 13:00:00,Kitchen,4.790
2026-09-15 13:00:00,Laundry,0.707
2026-09-15 13:00:00,HVAC,6.521
2026-09-15 13:00:00,Process,6.715
2026-09-15 13:00:00,Lighting,1.267
2026-09-15 13:15:00,Kitchen,4.823
2026-09-15 13:15:00,Laundry,0.711
2026-09-15 13:15:00,HVAC,6.134
2026-09-15 13:15:00,Process,7.864
2026-09-15 13:15:00,Lighting,1.394
2026-09-15 13:30:00,Kitchen,4.904
2026-09-15 13:30:00,Laundry,0.766
2026-09-15 13:30:00,HVAC,6.648
2026-09-15 13:30:00,Process,8.688
2026-09-15 13:30:00,Lighting,1.379
2026-09-15 13:45:00,Kitchen,4.177
2026-09-15 13:45:00,Laundry,0.674
2026-09-15 13:45:00,HVAC,6.819
2026-09-15 13:45:00,Process,8.394
2026-09-15 13:45:00,Lighting,1.395
2026-09-15 14:00:00,Kitchen,4.120
2026-09-15 14:00:00,Laundry,1.900
2026-09-15 14:00:00,HVAC,6.471
2026-09-15 14:00:00,Process,7.630
2026-09-15 14:00:00,Lighting,1.232
2026-09-15 14:15:00,Kitchen,5.206
2026-09-15 14:15:00,Laundry,1.942
2026-09-15 14:15:00,HVAC,6.931
2026-09-15 14:15:00,Process,8.065
2026-09-15 14:15:00,Lighting,1.522
2026-09-15 14:30:00,Kitchen,1.131
2026-09-15 14:30:00,Laundry,1.924
2026-09-15 14:30:00,HVAC,5.697
2026-09-15 14:30:00,Process,8.592
2026-09-15 14:30:00,Lighting,1.325
2026-09-15 14:45:00,Kitchen,1.051
2026-09-15 14:45:00,Laundry,2.245
2026-09-15 14:45:00,HVAC,6.303
2026-09-15 14:45:00,Process,8.279
2026-09-15 14:45:00,Lighting,1.358
2026-09-15 15:00:00,Kitchen,0.984
2026-09-15 15:00:00,Laundry,2.230
2026-09-15 15:00:00,HVAC,5.435
2026-09-15 15:00:00,Process,8.289
2026-09-15 15:00:00,Lighting,1.462
2026-09-15 15:15:00,Kitchen,0.945
2026-09-15 15:15:00,Laundry,1.807
2026-09-15 15:15:00,HVAC,6.694
2026-09-15 15:15:00,Process,7.115
2026-09-15 15:15:00,Lighting,1.363
2026-09-15 15:30:00,Kitchen,0.988
2026-09-15 15:30:00,Laundry,1.887
2026-09-15 15:30:00,HVAC,5.510
2026-09-15 15:30:00,Process,6.868
2026-09-15 15:30:00,Lighting,1.481
2026-09-15 15:45:00,Kitchen,1.129
2026-09-15 15:45:00,Laundry,2.267
2026-09-15 15:45:00,HVAC,5.234
2026-09-15 15:45:00,Process,7.415
2026-09-15 15:45:00,Lighting,1.198
2026-09-15 16:00:00,Kitchen,1.153
2026-09-15 16:00:00,Laundry,2.379
2026-09-15 16:00:00,HVAC,6.406
2026-09-15 16:00:00,Process,8.549
2026-09-15 16:00:00,Lighting,1.393
2026-09-15 16:15:00,Kitchen,1.049
2026-09-15 16:15:00,Laundry,1.873
2026-09-15 16:15:00,HVAC,4.832
2026-09-15 16:15:00,Process,8.060
2026-09-15 16:15:00,Lighting,1.525
2026-09-15 16:30:00,Kitchen,1.191
2026-09-15 16:30:00,Laundry,2.051
2026-09-15 16:30:00,HVAC,5.448
2026-09-15 16:30:00,Process,8.633
2026-09-15 16:30:00,Lighting,1.268
2026-09-15 16:45:00,Kitchen,1.119
2026-09-15 16:45:00,Laundry,2.159
2026-09-15 16:45:00,HVAC,5.160
2026-09-15 16:45:00,Process,7.559
2026-09-15 16:45:00,Lighting,1.221
2026-09-15 17:00:00,Kitchen,0.946
2026-09-15 17:00:00,Laundry,1.981
2026-09-15 17:00:00,HVAC,5.783
2026-09-15 17:00:00,Process,8.496
2026-09-15 17:00:00,Lighting,1.164
2026-09-15 17:15:00,Kitchen,1.125
2026-09-15 17:15:00,Laundry,1.889
2026-09-15 17:15:00,HVAC,5.010
2026-09-15 17:15:00,Process,8.718
2026-09-15 17:15:00,Lighting,1.503
2026-09-15 17:30:00,Kitchen,1.164
2026-09-15 17:30:00,Laundry,0.797
2026-09-15 17:30:00,HVAC,4.887
2026-09-15 17:30:00,Process,6.776
2026-09-15 17:30:00,Lighting,1.257
2026-09-15 17:45:00,Kitchen,1.100
2026-09-15 17:45:00,Laundry,0.719
2026-09-15 17:45:00,HVAC,5.032
2026-09-15 17:45:00,Process,7.080
2026-09-15 17:45:00,Lighting,1.496
2026-09-15 18:00:00,Kitchen,1.073
2026-09-15 18:00:00,Laundry,0.718
2026-09-15 18:00:00,HVAC,3.844
2026-09-15 18:00:00,Process,4.030
2026-09-15 18:00:00,Lighting,2.460
2026-09-15 18:15:00,Kitchen,1.125
2026-09-15 18:15:00,Laundry,0.735
2026-09-15 18:15:00,HVAC,4.242
2026-09-15 18:15:00,Process,4.448
2026-09-15 18:15:00,Lighting,2.349
2026-09-15 18:30:00,Kitchen,1.002
2026-09-15 18:30:00,Laundry,0.794
2026-09-15 18:30:00,HVAC,4.038
2026-09-15 18:30:00,Process,4.270
2026-09-15 18:30:00,Lighting,2.770
2026-09-15 18:45:00,Kitchen,1.157
2026-09-15 18:45:00,Laundry,0.743
2026-09-15 18:45:00,HVAC,4.107
2026-09-15 18:45:00,Process,4.064
2026-09-15 18:45:00,Lighting,2.742
2026-09-15 19:00:00,Kitchen,5.516
2026-09-15 19:00:00,Laundry,0.685
2026-09-15 19:00:00,HVAC,3.291
2026-09-15 19:00:00,Process,3.670
2026-09-15 19:00:00,Lighting,2.715
2026-09-15 19:15:00,Kitchen,6.116
2026-09-15 19:15:00,Laundry,0.676
2026-09-15 19:15:00,HVAC,3.535
2026-09-15 19:15:00,Process,3.766
2026-09-15 19:15:00,Lighting,2.424
2026-09-15 19:30:00,Kitchen,6.145
2026-09-15 19:30:00,Laundry,0.726
2026-09-15 19:30:00,HVAC,2.618
2026-09-15 19:30:00,Process,4.358
2026-09-15 19:30:00,Lighting,2.125
2026-09-15 19:45:00,Kitchen,5.735
2026-09-15 19:45:00,Laundry,0.717
2026-09-15 19:45:00,HVAC,2.756
2026-09-15 19:45:00,Process,4.406
2026-09-15 19:45:00,Lighting,2.173
2026-09-15 20:00:00,Kitchen,5.978
2026-09-15 20:00:00,Laundry,0.301
2026-09-15 20:00:00,HVAC,2.664
2026-09-15 20:00:00,Process,3.883
2026-09-15 20:00:00,Lighting,2.263
2026-09-15 20:15:00,Kitchen,5.737
2026-09-15 20:15:00,Laundry,0.313
2026-09-15 20:15:00,HVAC,2.446
2026-09-15 20:15:00,Process,3.898
2026-09-15 20:15:00,Lighting,2.410
2026-09-15 20:30:00,Kitchen,5.008
2026-09-15 20:30:00,Laundry,0.279
2026-09-15 20:30:00,HVAC,2.708
2026-09-15 20:30:00,Process,4.410
2026-09-15 20:30:00,Lighting,2.246
2026-09-15 20:45:00,Kitchen,6.029
2026-09-15 20:45:00,Laundry,0.310
2026-09-15 20:45:00,HVAC,2.335
2026-09-15 20:45:00,Process,3.613
2026-09-15 20:45:00,Lighting,2.565
2026-09-15 21:00:00,Kitchen,5.134
2026-09-15 21:00:00,Laundry,0.251
2026-09-15 21:00:00,HVAC,2.675
2026-09-15 21:00:00,Process,4.083
2026-09-15 21:00:00,Lighting,2.220
2026-09-15 21:15:00,Kitchen,5.073
2026-09-15 21:15:00,Laundry,0.319
2026-09-15 21:15:00,HVAC,2.300
2026-09-15 21:15:00,Process,4.167
2026-09-15 21:15:00,Lighting,2.280
2026-09-15 21:30:00,Kitchen,0.927
2026-09-15 21:30:00,Laundry,0.251
2026-09-15 21:30:00,HVAC,2.104
2026-09-15 21:30:00,Process,4.148
2026-09-15 21:30:00,Lighting,2.403
2026-09-15 21:45:00,Kitchen,1.110
2026-09-15 21:45:00,Laundry,0.306
2026-09-15 21:45:00,HVAC,2.651
2026-09-15 21:45:00,Process,3.777
2026-09-15 21:45:00,Lighting,2.490
2026-09-15 22:00:00,Kitchen,0.378
2026-09-15 22:00:00,Laundry,0.264
2026-09-15 22:00:00,HVAC,1.549
2026-09-15 22:00:00,Process,1.067
2026-09-15 22:00:00,Lighting,2.686
2026-09-15 22:15:00,Kitchen,0.411
2026-09-15 22:15:00,Laundry,0.253
2026-09-15 22:15:00,HVAC,1.645
2026-09-15 22:15:00,Process,1.026
2026-09-15 22:15:00,Lighting,2.728
2026-09-15 22:30:00,Kitchen,0.374
2026-09-15 22:30:00,Laundry,0.253
2026-09-15 22:30:00,HVAC,1.405
2026-09-15 22:30:00,Process,1.037
2026-09-15 22:30:00,Lighting,2.644
2026-09-15 22:45:00,Kitchen,0.371
2026-09-15 22:45:00,Laundry,0.289
2026-09-15 22:45:00,HVAC,1.778
2026-09-15 22:45:00,Process,1.017
2026-09-15 22:45:00,Lighting,2.618
2026-09-15 23:00:00,Kitchen,0.446
2026-09-15 23:00:00,Laundry,0.316
2026-09-15 23:00:00,HVAC,1.758
2026-09-15 23:00:00,Process,1.140
2026-09-15 23:00:00,Lighting,0.372
2026-09-15 23:15:00,Kitchen,0.404
2026-09-15 23:15:00,Laundry,0.250
2026-09-15 23:15:00,HVAC,1.400
2026-09-15 23:15:00,Process,1.144
2026-09-15 23:15:00,Lighting,0.357
2026-09-15 23:30:00,Kitchen,0.380
2026-09-15 23:30:00,Laundry,0.278
2026-09-15 23:30:00,HVAC,1.441
2026-09-15 23:30:00,Process,1.142
2026-09-15 23:30:00,Lighting,0.428
2026-09-15 23:45:00,Kitchen,0.405
2026-09-15 23:45:00,Laundry,0.243
2026-09-15 23:45:00,HVAC,1.451
2026-09-15 23:45:00,Process,1.042
2026-09-15 23:45:00,Lighting,0.421
2026-09-16 00:00:00,Kitchen,0.472
2026-09-16 00:00:00,Laundry,0.288
2026-09-16 00:00:00,HVAC,1.554
2026-09-16 00:00:00,Process,0.975
2026-09-16 00:00:00,Lighting,0.416
2026-09-16 00:15:00,Kitchen,0.364
2026-09-16 00:15:00,Laundry,0.261
2026-09-16 00:15:00,HVAC,1.704
2026-09-16 00:15:00,Process,1.159
2026-09-16 00:15:00,Lighting,0.347
2026-09-16 00:30:00,Kitchen,0.478
2026-09-16 00:30:00,Laundry,0.292
2026-09-16 00:30:00,HVAC,1.684
2026-09-16 00:30:00,Process,1.018
2026-09-16 00:30:00,Lighting,0.412
2026-09-16 00:45:00,Kitchen,0.364
2026-09-16 00:45:00,Laundry,0.288
2026-09-16 00:45:00,HVAC,1.385
2026-09-16 00:45:00,Process,1.188
2026-09-16 00:45:00,Lighting,0.390
2026-09-16 01:00:00,Kitchen,0.428
2026-09-16 01:00:00,Laundry,0.270
2026-09-16 01:00:00,HVAC,1.726
2026-09-16 01:00:00,Process,0.957
2026-09-16 01:00:00,Lighting,0.343
2026-09-16 01:15:00,Kitchen,0.363
2026-09-16 01:15:00,Laundry,0.290
2026-09-16 01:15:00,HVAC,1.405
2026-09-16 01:15:00,Process,0.948
2026-09-16 01:15:00,Lighting,0.418
2026-09-16 01:30:00,Kitchen,0.398
2026-09-16 01:30:00,Laundry,0.269
2026-09-16 01:30:00,HVAC,1.748
2026-09-16 01:30:00,Process,1.060
2026-09-16 01:30:00,Lighting,0.416
2026-09-16 01:45:00,Kitchen,0.478
2026-09-16 01:45:00,Laundry,0.249
2026-09-16 01:45:00,HVAC,1.482
2026-09-16 01:45:00,Process,0.949
2026-09-16 01:45:00,Lighting,0.355
2026-09-16 02:00:00,Kitchen,0.431
2026-09-16 02:00:00,Laundry,0.318
2026-09-16 02:00:00,HVAC,1.732
2026-09-16 02:00:00,Process,1.168
2026-09-16 02:00:00,Lighting,0.342
2026-09-16 02:15:00,Kitchen,0.470
2026-09-16 02:15:00,Laundry,0.275
2026-09-16 02:15:00,HVAC,1.724
2026-09-16 02:15:00,Process,1.006
2026-09-16 02:15:00,Lighting,0.431
2026-09-16 02:30:00,Kitchen,0.407
2026-09-16 02:30:00,Laundry,0.264
2026-09-16 02:30:00,HVAC,1.762
2026-09-16 02:30:00,Process,1.151
2026-09-16 02:30:00,Lighting,0.369
2026-09-16 02:45:00,Kitchen,0.414
2026-09-16 02:45:00,Laundry,0.299
2026-09-16 02:45:00,HVAC,1.546
2026-09-16 02:45:00,Process,1.109
2026-09-16 02:45:00,Lighting,0.380
2026-09-16 03:00:00,Kitchen,0.408
2026-09-16 03:00:00,Laundry,0.268
2026-09-16 03:00:00,HVAC,1.492
2026-09-16 03:00:00,Process,1.190
2026-09-16 03:00:00,Lighting,0.397
2026-09-16 03:15:00,Kitchen,0.382
2026-09-16 03:15:00,Laundry,0.254
2026-09-16 03:15:00,HVAC,1.552
2026-09-16 03:15:00,Process,1.129
2026-09-16 03:15:00,Lighting,0.381
2026-09-16 03:30:00,Kitchen,0.437
2026-09-16 03:30:00,Laundry,0.296
2026-09-16 03:30:00,HVAC,1.508
2026-09-16 03:30:00,Process,0.967
2026-09-16 03:30:00,Lighting,0.397
2026-09-16 03:45:00,Kitchen,0.425
2026-09-16 03:45:00,Laundry,0.267
2026-09-16 03:45:00,HVAC,1.773
2026-09-16 03:45:00,Process,0.991
2026-09-16 03:45:00,Lighting,0.339
2026-09-16 04:00:00,Kitchen,0.435
2026-09-16 04:00:00,Laundry,0.271
2026-09-16 04:00:00,HVAC,1.668
2026-09-16 04:00:00,Process,0.974
2026-09-16 04:00:00,Lighting,0.378
2026-09-16 04:15:00,Kitchen,0.433
2026-09-16 04:15:00,Laundry,0.275
2026-09-16 04:15:00,HVAC,1.441
2026-09-16 04:15:00,Process,0.970
2026-09-16 04:15:00,Lighting,0.360
2026-09-16 04:30:00,Kitchen,0.395
2026-09-16 04:30:00,Laundry,0.310
2026-09-16 04:30:00,HVAC,1.406
2026-09-16 04:30:00,Process,1.177
2026-09-16 04:30:00,Lighting,0.428
2026-09-16 04:45:00,Kitchen,0.422
2026-09-16 04:45:00,Laundry,0.254
2026-09-16 04:45:00,HVAC,1.650
2026-09-16 04:45:00,Process,1.231
2026-09-16 04:45:00,Lighting,0.371
2026-09-16 05:00:00,Kitchen,0.447
2026-09-16 05:00:00,Laundry,0.257
2026-09-16 05:00:00,HVAC,1.492
2026-09-16 05:00:00,Process,1.055
2026-09-16 05:00:00,Lighting,0.392
2026-09-16 05:15:00,Kitchen,0.472
2026-09-16 05:15:00,Laundry,0.253
2026-09-16 05:15:00,HVAC,1.395
2026-09-16 05:15:00,Process,1.024
2026-09-16 05:15:00,Lighting,0.396
2026-09-16 05:30:00,Kitchen,0.442
2026-09-16 05:30:00,Laundry,0.283
2026-09-16 05:30:00,HVAC,1.699
2026-09-16 05:30:00,Process,1.094
2026-09-16 05:30:00,Lighting,0.343
2026-09-16 05:45:00,Kitchen,0.474
2026-09-16 05:45:00,Laundry,0.267
2026-09-16 05:45:00,HVAC,1.379
2026-09-16 05:45:00,Process,0.998
2026-09-16 05:45:00,Lighting,0.354
2026-09-16 06:00:00,Kitchen,1.114
2026-09-16 06:00:00,Laundry,0.661
2026-09-16 06:00:00,HVAC,2.181
2026-09-16 06:00:00,Process,4.421
2026-09-16 06:00:00,Lighting,1.410
2026-09-16 06:15:00,Kitchen,1.096
2026-09-16 06:15:00,Laundry,0.654
2026-09-16 06:15:00,HVAC,2.673
2026-09-16 06:15:00,Process,4.368
2026-09-16 06:15:00,Lighting,1.338
2026-09-16 06:30:00,Kitchen,1.172
2026-09-16 06:30:00,Laundry,0.649
2026-09-16 06:30:00,HVAC,2.265
2026-09-16 06:30:00,Process,4.292
2026-09-16 06:30:00,Lighting,1.380
2026-09-16 06:45:00,Kitchen,1.067
2026-09-16 06:45:00,Laundry,0.621
2026-09-16 06:45:00,HVAC,2.571
2026-09-16 06:45:00,Process,4.761
2026-09-16 06:45:00,Lighting,1.297
2026-09-16 07:00:00,Kitchen,3.714
2026-09-16 07:00:00,Laundry,0.627
2026-09-16 07:00:00,HVAC,2.138
2026-09-16 07:00:00,Process,4.308
2026-09-16 07:00:00,Lighting,1.514
2026-09-16 07:15:00,Kitchen,3.462
2026-09-16 07:15:00,Laundry,0.648
2026-09-16 07:15:00,HVAC,2.164
2026-09-16 07:15:00,Process,4.689
2026-09-16 07:15:00,Lighting,1.427
2026-09-16 07:30:00,Kitchen,3.867
2026-09-16 07:30:00,Laundry,0.654
2026-09-16 07:30:00,HVAC,2.574
2026-09-16 07:30:00,Process,3.812
2026-09-16 07:30:00,Lighting,1.209
2026-09-16 07:45:00,Kitchen,3.303
2026-09-16 07:45:00,Laundry,0.670
2026-09-16 07:45:00,HVAC,2.577
2026-09-16 07:45:00,Process,4.114
2026-09-16 07:45:00,Lighting,1.282
2026-09-16 08:00:00,Kitchen,3.766
2026-09-16 08:00:00,Laundry,2.864
2026-09-16 08:00:00,HVAC,2.365
2026-09-16 08:00:00,Process,8.402
2026-09-16 08:00:00,Lighting,1.191
2026-09-16 08:15:00,Kitchen,3.220
2026-09-16 08:15:00,Laundry,2.875
2026-09-16 08:15:00,HVAC,2.648
2026-09-16 08:15:00,Process,6.953
2026-09-16 08:15:00,Lighting,1.244
2026-09-16 08:30:00,Kitchen,3.771
2026-09-16 08:30:00,Laundry,2.517
2026-09-16 08:30:00,HVAC,3.296
2026-09-16 08:30:00,Process,8.842
2026-09-16 08:30:00,Lighting,1.382
2026-09-16 08:45:00,Kitchen,3.740
2026-09-16 08:45:00,Laundry,2.495
2026-09-16 08:45:00,HVAC,3.398
2026-09-16 08:45:00,Process,6.833
2026-09-16 08:45:00,Lighting,1.346
2026-09-16 09:00:00,Kitchen,2.940
2026-09-16 09:00:00,Laundry,2.431
2026-09-16 09:00:00,HVAC,3.797
2026-09-16 09:00:00,Process,8.081
2026-09-16 09:00:00,Lighting,1.179
2026-09-16 09:15:00,Kitchen,3.722
2026-09-16 09:15:00,Laundry,2.873
2026-09-16 09:15:00,HVAC,4.082
2026-09-16 09:15:00,Process,7.673
2026-09-16 09:15:00,Lighting,1.215
2026-09-16 09:30:00,Kitchen,1.130
2026-09-16 09:30:00,Laundry,2.664
2026-09-16 09:30:00,HVAC,3.367
2026-09-16 09:30:00,Process,7.786
2026-09-16 09:30:00,Lighting,1.394
2026-09-16 09:45:00,Kitchen,1.130
2026-09-16 09:45:00,Laundry,2.689
2026-09-16 09:45:00,HVAC,3.867
2026-09-16 09:45:00,Process,6.899
2026-09-16 09:45:00,Lighting,1.179
2026-09-16 10:00:00,Kitchen,0.937
2026-09-16 10:00:00,Laundry,2.533
2026-09-16 10:00:00,HVAC,4.166
2026-09-16 10:00:00,Process,8.710
2026-09-16 10:00:00,Lighting,1.351
2026-09-16 10:15:00,Kitchen,1.146
2026-09-16 10:15:00,Laundry,2.730
2026-09-16 10:15:00,HVAC,4.767
2026-09-16 10:15:00,Process,8.549
2026-09-16 10:15:00,Lighting,1.486
2026-09-16 10:30:00,Kitchen,1.107
2026-09-16 10:30:00,Laundry,2.596
2026-09-16 10:30:00,HVAC,5.176
2026-09-16 10:30:00,Process,7.256
2026-09-16 10:30:00,Lighting,1.259
2026-09-16 10:45:00,Kitchen,0.940
2026-09-16 10:45:00,Laundry,2.375
2026-09-16 10:45:00,HVAC,4.376
2026-09-16 10:45:00,Process,7.113
2026-09-16 10:45:00,Lighting,1.281
2026-09-16 11:00:00,Kitchen,1.110
2026-09-16 11:00:00,Laundry,2.954
2026-09-16 11:00:00,HVAC,5.288
2026-09-16 11:00:00,Process,8.257
2026-09-16 11:00:00,Lighting,1.364
2026-09-16 11:15:00,Kitchen,0.946
2026-09-16 11:15:00,Laundry,2.765
2026-09-16 11:15:00,HVAC,5.383
2026-09-16 11:15:00,Process,7.708
2026-09-16 11:15:00,Lighting,1.480
2026-09-16 11:30:00,Kitchen,1.182
2026-09-16 11:30:00,Laundry,2.359
2026-09-16 11:30:00,HVAC,4.684
2026-09-16 11:30:00,Process,7.527
2026-09-16 11:30:00,Lighting,1.379
2026-09-16 11:45:00,Kitchen,1.050
2026-09-16 11:45:00,Laundry,2.451
2026-09-16 11:45:00,HVAC,5.181
2026-09-16 11:45:00,Process,7.677
2026-09-16 11:45:00,Lighting,1.195
2026-09-16 12:00:00,Kitchen,4.588
2026-09-16 12:00:00,Laundry,0.777
2026-09-16 12:00:00,HVAC,6.296
2026-09-16 12:00:00,Process,8.406
2026-09-16 12:00:00,Lighting,1.230
2026-09-16 12:15:00,Kitchen,4.462
2026-09-16 12:15:00,Laundry,0.625
2026-09-16 12:15:00,HVAC,5.317
2026-09-16 12:15:00,Process,6.791
2026-09-16 12:15:00,Lighting,1.185
2026-09-16 12:30:00,Kitchen,4.887
2026-09-16 12:30:00,Laundry,0.655
2026-09-16 12:30:00,HVAC,6.198
2026-09-16 12:30:00,Process,7.780
2026-09-16 12:30:00,Lighting,1.258
2026-09-16 12:45:00,Kitchen,4.808
2026-09-16 12:45:00,Laundry,0.698
2026-09-16 12:45:00,HVAC,5.483
2026-09-16 12:45:00,Process,7.301
2026-09-16 12:45:00,Lighting,1.350
2026-09-16 13:00:00,Kitchen,4.263
2026-09-16 13:00:00,Laundry,0.697
2026-09-16 13:00:00,HVAC,5.846
2026-09-16 13:00:00,Process,8.767
2026-09-16 13:00:00,Lighting,1.219
2026-09-16 13:15:00,Kitchen,4.971
2026-09-16 13:15:00,Laundry,0.635
2026-09-16 13:15:00,HVAC,5.343
2026-09-16 13:15:00,Process,8.530
2026-09-16 13:15:00,Lighting,1.449
2026-09-16 13:30:00,Kitchen,4.473
2026-09-16 13:30:00,Laundry,0.778
2026-09-16 13:30:00,HVAC,5.809
2026-09-16 13:30:00,Process,7.531
2026-09-16 13:30:00,Lighting,1.483
2026-09-16 13:45:00,Kitchen,4.992
2026-09-16 13:45:00,Laundry,0.788
2026-09-16 13:45:00,HVAC,5.910
2026-09-16 13:45:00,Process,8.311
2026-09-16 13:45:00,Lighting,1.508
2026-09-16 14:00:00,Kitchen,4.872
2026-09-16 14:00:00,Laundry,2.008
2026-09-16 14:00:00,HVAC,6.947
2026-09-16 14:00:00,Process,8.475
2026-09-16 14:00:00,Lighting,1.178
2026-09-16 14:15:00,Kitchen,4.580
2026-09-16 14:15:00,Laundry,2.376
2026-09-16 14:15:00,HVAC,6.714
2026-09-16 14:15:00,Process,8.234
2026-09-16 14:15:00,Lighting,1.189
2026-09-16 14:30:00,Kitchen,1.152
2026-09-16 14:30:00,Laundry,1.961
2026-09-16 14:30:00,HVAC,5.679
2026-09-16 14:30:00,Process,8.319
2026-09-16 14:30:00,Lighting,1.341
2026-09-16 14:45:00,Kitchen,1.196
2026-09-16 14:45:00,Laundry,2.299
2026-09-16 14:45:00,HVAC,5.413
2026-09-16 14:45:00,Process,6.804
2026-09-16 14:45:00,Lighting,1.229
2026-09-16 15:00:00,Kitchen,0.924
2026-09-16 15:00:00,Laundry,1.968
2026-09-16 15:00:00,HVAC,5.851
2026-09-16 15:00:00,Process,6.748
2026-09-16 15:00:00,Lighting,1.435
2026-09-16 15:15:00,Kitchen,1.141
2026-09-16 15:15:00,Laundry,2.028
2026-09-16 15:15:00,HVAC,5.990
2026-09-16 15:15:00,Process,7.992
2026-09-16 15:15:00,Lighting,1.534
2026-09-16 15:30:00,Kitchen,1.127
2026-09-16 15:30:00,Laundry,1.920
2026-09-16 15:30:00,HVAC,6.001
2026-09-16 15:30:00,Process,7.371
2026-09-16 15:30:00,Lighting,1.503
2026-09-16 15:45:00,Kitchen,1.159
2026-09-16 15:45:00,Laundry,2.079
2026-09-16 15:45:00,HVAC,6.539
2026-09-16 15:45:00,Process,8.423
2026-09-16 15:45:00,Lighting,1.472
2026-09-16 16:00:00,Kitchen,1.008
2026-09-16 16:00:00,Laundry,2.292
2026-09-16 16:00:00,HVAC,5.153
2026-09-16 16:00:00,Process,8.527
2026-09-16 16:00:00,Lighting,1.305
2026-09-16 16:15:00,Kitchen,1.171
2026-09-16 16:15:00,Laundry,2.079
2026-09-16 16:15:00,HVAC,5.210
2026-09-16 16:15:00,Process,7.290
2026-09-16 16:15:00,Lighting,1.291
2026-09-16 16:30:00,Kitchen,1.161
2026-09-16 16:30:00,Laundry,2.081
2026-09-16 16:30:00,HVAC,5.159
2026-09-16 16:30:00,Process,8.820
2026-09-16 16:30:00,Lighting,1.458
2026-09-16 16:45:00,Kitchen,0.919
2026-09-16 16:45:00,Laundry,2.103
2026-09-16 16:45:00,HVAC,5.906
2026-09-16 16:45:00,Process,7.575
2026-09-16 16:45:00,Lighting,1.162
2026-09-16 17:00:00,Kitchen,1.070
2026-09-16 17:00:00,Laundry,2.241
2026-09-16 17:00:00,HVAC,5.452
2026-09-16 17:00:00,Process,8.124
2026-09-16 17:00:00,Lighting,1.317
2026-09-16 17:15:00,Kitchen,1.030
2026-09-16 17:15:00,Laundry,1.873
2026-09-16 17:15:00,HVAC,5.497
2026-09-16 17:15:00,Process,8.870
2026-09-16 17:15:00,Lighting,1.206
2026-09-16 17:30:00,Kitchen,0.943
2026-09-16 17:30:00,Laundry,0.607
2026-09-16 17:30:00,HVAC,4.538
2026-09-16 17:30:00,Process,8.353
2026-09-16 17:30:00,Lighting,1.301
2026-09-16 17:45:00,Kitchen,0.979
2026-09-16 17:45:00,Laundry,0.692
2026-09-16 17:45:00,HVAC,4.667
2026-09-16 17:45:00,Process,7.950
2026-09-16 17:45:00,Lighting,1.351
2026-09-16 18:00:00,Kitchen,1.025
2026-09-16 18:00:00,Laundry,0.690
2026-09-16 18:00:00,HVAC,4.477
2026-09-16 18:00:00,Process,3.974
2026-09-16 18:00:00,Lighting,2.783
2026-09-16 18:15:00,Kitchen,1.096
2026-09-16 18:15:00,Laundry,0.767
2026-09-16 18:15:00,HVAC,4.252
2026-09-16 18:15:00,Process,4.786
2026-09-16 18:15:00,Lighting,2.115
2026-09-16 18:30:00,Kitchen,0.989
2026-09-16 18:30:00,Laundry,0.710
2026-09-16 18:30:00,HVAC,4.322
2026-09-16 18:30:00,Process,4.131
2026-09-16 18:30:00,Lighting,2.245
2026-09-16 18:45:00,Kitchen,1.081
2026-09-16 18:45:00,Laundry,0.796
2026-09-16 18:45:00,HVAC,3.126
2026-09-16 18:45:00,Process,3.705
2026-09-16 18:45:00,Lighting,2.534
2026-09-16 19:00:00,Kitchen,4.899
2026-09-16 19:00:00,Laundry,0.784
2026-09-16 19:00:00,HVAC,2.936
2026-09-16 19:00:00,Process,4.452
2026-09-16 19:00:00,Lighting,2.315
2026-09-16 19:15:00,Kitchen,5.546
2026-09-16 19:15:00,Laundry,0.733
2026-09-16 19:15:00,HVAC,3.141
2026-09-16 19:15:00,Process,4.023
2026-09-16 19:15:00,Lighting,2.765
2026-09-16 19:30:00,Kitchen,5.316
2026-09-16 19:30:00,Laundry,0.643
2026-09-16 19:30:00,HVAC,2.497
2026-09-16 19:30:00,Process,4.346
2026-09-16 19:30:00,Lighting,2.257
2026-09-16 19:45:00,Kitchen,5.460
2026-09-16 19:45:00,Laundry,0.650
2026-09-16 19:45:00,HVAC,2.360
2026-09-16 19:45:00,Process,4.178
2026-09-16 19:45:00,Lighting,2.550
2026-09-16 20:00:00,Kitchen,5.265
2026-09-16 20:00:00,Laundry,0.316
2026-09-16 20:00:00,HVAC,2.657
2026-09-16 20:00:00,Process,4.386
2026-09-16 20:00:00,Lighting,2.584
2026-09-16 20:15:00,Kitchen,5.985
2026-09-16 20:15:00,Laundry,0.275
2026-09-16 20:15:00,HVAC,2.693
2026-09-16 20:15:00,Process,3.902
2026-09-16 20:15:00,Lighting,2.753
2026-09-16 20:30:00,Kitchen,5.961
2026-09-16 20:30:00,Laundry,0.249
2026-09-16 20:30:00,HVAC,2.067
2026-09-16 20:30:00,Process,4.323
2026-09-16 20:30:00,Lighting,2.370
2026-09-16 20:45:00,Kitchen,5.314
2026-09-16 20:45:00,Laundry,0.245
2026-09-16 20:45:00,HVAC,2.358
2026-09-16 20:45:00,Process,4.334
2026-09-16 20:45:00,Lighting,2.628
2026-09-16 21:00:00,Kitchen,5.522
2026-09-16 21:00:00,Laundry,0.296
2026-09-16 21:00:00,HVAC,2.357
2026-09-16 21:00:00,Process,4.719
2026-09-16 21:00:00,Lighting,2.267
2026-09-16 21:15:00,Kitchen,5.389
2026-09-16 21:15:00,Laundry,0.269
2026-09-16 21:15:00,HVAC,2.640
2026-09-16 21:15:00,Process,4.060
2026-09-16 21:15:00,Lighting,2.187
2026-09-16 21:30:00,Kitchen,1.118
2026-09-16 21:30:00,Laundry,0.293
2026-09-16 21:30:00,HVAC,2.260
2026-09-16 21:30:00,Process,4.700
2026-09-16 21:30:00,Lighting,2.110
2026-09-16 21:45:00,Kitchen,0.981
2026-09-16 21:45:00,Laundry,0.310
2026-09-16 21:45:00,HVAC,2.634
2026-09-16 21:45:00,Process,4.252
2026-09-16 21:45:00,Lighting,2.311
2026-09-16 22:00:00,Kitchen,0.367
2026-09-16 22:00:00,Laundry,0.298
2026-09-16 22:00:00,HVAC,1.430
2026-09-16 22:00:00,Process,1.244
2026-09-16 22:00:00,Lighting,2.230
2026-09-16 22:15:00,Kitchen,0.388
2026-09-16 22:15:00,Laundry,0.245
2026-09-16 22:15:00,HVAC,1.546
2026-09-16 22:15:00,Process,1.090
2026-09-16 22:15:00,Lighting,2.648
2026-09-16 22:30:00,Kitchen,0.381
2026-09-16 22:30:00,Laundry,0.248
2026-09-16 22:30:00,HVAC,1.515
2026-09-16 22:30:00,Process,1.232
2026-09-16 22:30:00,Lighting,2.307
2026-09-16 22:45:00,Kitchen,0.404
2026-09-16 22:45:00,Laundry,0.316
2026-09-16 22:45:00,HVAC,1.750
2026-09-16 22:45:00,Process,1.079
2026-09-16 22:45:00,Lighting,2.617
2026-09-16 23:00:00,Kitchen,0.407
2026-09-16 23:00:00,Laundry,0.288
2026-09-16 23:00:00,HVAC,1.695
2026-09-16 23:00:00,Process,1.031
2026-09-16 23:00:00,Lighting,0.333
2026-09-16 23:15:00,Kitchen,0.445
2026-09-16 23:15:00,Laundry,0.296
2026-09-16 23:15:00,HVAC,1.768
2026-09-16 23:15:00,Process,0.971
2026-09-16 23:15:00,Lighting,0.382
2026-09-16 23:30:00,Kitchen,0.422
2026-09-16 23:30:00,Laundry,0.260
2026-09-16 23:30:00,HVAC,1.568
2026-09-16 23:30:00,Process,1.129
2026-09-16 23:30:00,Lighting,0.425
2026-09-16 23:45:00,Kitchen,0.374
2026-09-16 23:45:00,Laundry,0.254
2026-09-16 23:45:00,HVAC,1.809
2026-09-16 23:45:00,Process,1.103
2026-09-16 23:45:00,Lighting,0.373
2026-09-17 00:00:00,Kitchen,0.459
2026-09-17 00:00:00,Laundry,0.316
2026-09-17 00:00:00,HVAC,1.536
2026-09-17 00:00:00,Process,1.248
2026-09-17 00:00:00,Lighting,0.388
2026-09-17 00:15:00,Kitchen,0.412
2026-09-17 00:15:00,Laundry,0.296
2026-09-17 00:15:00,HVAC,1.616
2026-09-17 00:15:00,Process,1.159
2026-09-17 00:15:00,Lighting,0.336
2026-09-17 00:30:00,Kitchen,0.456
2026-09-17 00:30:00,Laundry,0.259
2026-09-17 00:30:00,HVAC,1.508
2026-09-17 00:30:00,Process,1.135
2026-09-17 00:30:00,Lighting,0.391
2026-09-17 00:45:00,Kitchen,0.427
2026-09-17 00:45:00,Laundry,0.256
2026-09-17 00:45:00,HVAC,1.510
2026-09-17 00:45:00,Process,1.140
2026-09-17 00:45:00,Lighting,0.373
2026-09-17 01:00:00,Kitchen,0.372
2026-09-17 01:00:00,Laundry,0.263
2026-09-17 01:00:00,HVAC,1.602
2026-09-17 01:00:00,Process,1.122
2026-09-17 01:00:00,Lighting,0.431
2026-09-17 01:15:00,Kitchen,0.431
2026-09-17 01:15:00,Laundry,0.310
2026-09-17 01:15:00,HVAC,1.768
2026-09-17 01:15:00,Process,0.988
2026-09-17 01:15:00,Lighting,0.330
2026-09-17 01:30:00,Kitchen,0.465
2026-09-17 01:30:00,Laundry,0.274
2026-09-17 01:30:00,HVAC,1.664
2026-09-17 01:30:00,Process,1.250
2026-09-17 01:30:00,Lighting,0.328
2026-09-17 01:45:00,Kitchen,0.414
2026-09-17 01:45:00,Laundry,0.299
2026-09-17 01:45:00,HVAC,1.541
2026-09-17 01:45:00,Process,1.168
2026-09-17 01:45:00,Lighting,0.355
2026-09-17 02:00:00,Kitchen,0.462
2026-09-17 02:00:00,Laundry,0.291
2026-09-17 02:00:00,HVAC,1.419
2026-09-17 02:00:00,Process,1.133
2026-09-17 02:00:00,Lighting,0.360
2026-09-17 02:15:00,Kitchen,0.384
2026-09-17 02:15:00,Laundry,0.314
2026-09-17 02:15:00,HVAC,1.441
2026-09-17 02:15:00,Process,1.119
2026-09-17 02:15:00,Lighting,0.366
2026-09-17 02:30:00,Kitchen,0.427
2026-09-17 02:30:00,Laundry,0.277
2026-09-17 02:30:00,HVAC,1.556
2026-09-17 02:30:00,Process,1.159
2026-09-17 02:30:00,Lighting,0.346
2026-09-17 02:45:00,Kitchen,0.429
2026-09-17 02:45:00,Laundry,0.287
2026-09-17 02:45:00,HVAC,1.516
2026-09-17 02:45:00,Process,0.972
2026-09-17 02:45:00,Lighting,0.406
2026-09-17 03:00:00,Kitchen,0.431
2026-09-17 03:00:00,Laundry,0.312
2026-09-17 03:00:00,HVAC,1.764
2026-09-17 03:00:00,Process,0.996
2026-09-17 03:00:00,Lighting,0.431
2026-09-17 03:15:00,Kitchen,0.402
2026-09-17 03:15:00,Laundry,0.280
2026-09-17 03:15:00,HVAC,1.515
2026-09-17 03:15:00,Process,1.129
2026-09-17 03:15:00,Lighting,0.402
2026-09-17 03:30:00,Kitchen,0.394
2026-09-17 03:30:00,Laundry,0.260
2026-09-17 03:30:00,HVAC,1.647
2026-09-17 03:30:00,Process,1.102
2026-09-17 03:30:00,Lighting,0.388
2026-09-17 03:45:00,Kitchen,0.375
2026-09-17 03:45:00,Laundry,0.314
2026-09-17 03:45:00,HVAC,1.776
2026-09-17 03:45:00,Process,0.985
2026-09-17 03:45:00,Lighting,0.358
2026-09-17 04:00:00,Kitchen,0.366
2026-09-17 04:00:00,Laundry,0.246
2026-09-17 04:00:00,HVAC,1.385
2026-09-17 04:00:00,Process,1.005
2026-09-17 04:00:00,Lighting,0.390
2026-09-17 04:15:00,Kitchen,0.471
2026-09-17 04:15:00,Laundry,0.281
2026-09-17 04:15:00,HVAC,1.441
2026-09-17 04:15:00,Process,1.206
2026-09-17 04:15:00,Lighting,0.341
2026-09-17 04:30:00,Kitchen,0.435
2026-09-17 04:30:00,Laundry,0.274
2026-09-17 04:30:00,HVAC,1.577
2026-09-17 04:30:00,Process,0.985
2026-09-17 04:30:00,Lighting,0.339
2026-09-17 04:45:00,Kitchen,0.438
2026-09-17 04:45:00,Laundry,0.294
2026-09-17 04:45:00,HVAC,1.579
2026-09-17 04:45:00,Process,1.052
2026-09-17 04:45:00,Lighting,0.406
2026-09-17 05:00:00,Kitchen,0.413
2026-09-17 05:00:00,Laundry,0.308
2026-09-17 05:00:00,HVAC,1.659
2026-09-17 05:00:00,Process,0.961
2026-09-17 05:00:00,Lighting,0.341
2026-09-17 05:15:00,Kitchen,0.400
2026-09-17 05:15:00,Laundry,0.242
2026-09-17 05:15:00,HVAC,1.677
2026-09-17 05:15:00,Process,1.215
2026-09-17 05:15:00,Lighting,0.415
2026-09-17 05:30:00,Kitchen,0.426
2026-09-17 05:30:00,Laundry,0.286
2026-09-17 05:30:00,HVAC,1.781
2026-09-17 05:30:00,Process,1.053
2026-09-17 05:30:00,Lighting,0.425
2026-09-17 05:45:00,Kitchen,0.372
2026-09-17 05:45:00,Laundry,0.244
2026-09-17 05:45:00,HVAC,1.706
2026-09-17 05:45:00,Process,1.198
2026-09-17 05:45:00,Lighting,0.344
2026-09-17 06:00:00,Kitchen,1.006
2026-09-17 06:00:00,Laundry,0.768
2026-09-17 06:00:00,HVAC,2.695
2026-09-17 06:00:00,Process,4.688
2026-09-17 06:00:00,Lighting,1.359
2026-09-17 06:15:00,Kitchen,1.079
2026-09-17 06:15:00,Laundry,0.784
2026-09-17 06:15:00,HVAC,2.702
2026-09-17 06:15:00,Process,3.834
2026-09-17 06:15:00,Lighting,1.494
2026-09-17 06:30:00,Kitchen,1.177
2026-09-17 06:30:00,Laundry,0.716
2026-09-17 06:30:00,HVAC,2.230
2026-09-17 06:30:00,Process,4.117
2026-09-17 06:30:00,Lighting,1.444
2026-09-17 06:45:00,Kitchen,1.137
2026-09-17 06:45:00,Laundry,0.689
2026-09-17 06:45:00,HVAC,2.104
2026-09-17 06:45:00,Process,3.759
2026-09-17 06:45:00,Lighting,1.246
2026-09-17 07:00:00,Kitchen,3.217
2026-09-17 07:00:00,Laundry,0.672
2026-09-17 07:00:00,HVAC,2.352
2026-09-17 07:00:00,Process,4.094
2026-09-17 07:00:00,Lighting,1.280
2026-09-17 07:15:00,Kitchen,3.389
2026-09-17 07:15:00,Laundry,0.604
2026-09-17 07:15:00,HVAC,2.288
2026-09-17 07:15:00,Process,4.517
2026-09-17 07:15:00,Lighting,1.477
2026-09-17 07:30:00,Kitchen,2.979
2026-09-17 07:30:00,Laundry,0.705
2026-09-17 07:30:00,HVAC,2.504
2026-09-17 07:30:00,Process,3.716
2026-09-17 07:30:00,Lighting,1.319
2026-09-17 07:45:00,Kitchen,3.482
2026-09-17 07:45:00,Laundry,0.647
2026-09-17 07:45:00,HVAC,2.232
2026-09-17 07:45:00,Process,3.642
2026-09-17 07:45:00,Lighting,1.346
2026-09-17 08:00:00,Kitchen,3.434
2026-09-17 08:00:00,Laundry,2.402
2026-09-17 08:00:00,HVAC,2.447
2026-09-17 08:00:00,Process,7.613
2026-09-17 08:00:00,Lighting,1.193
2026-09-17 08:15:00,Kitchen,3.499
2026-09-17 08:15:00,Laundry,2.876
2026-09-17 08:15:00,HVAC,2.763
2026-09-17 08:15:00,Process,8.726
2026-09-17 08:15:00,Lighting,1.405
2026-09-17 08:30:00,Kitchen,3.056
2026-09-17 08:30:00,Laundry,2.911
2026-09-17 08:30:00,HVAC,2.693
2026-09-17 08:30:00,Process,7.218
2026-09-17 08:30:00,Lighting,1.237
2026-09-17 08:45:00,Kitchen,3.464
2026-09-17 08:45:00,Laundry,2.536
2026-09-17 08:45:00,HVAC,2.933
2026-09-17 08:45:00,Process,6.951
2026-09-17 08:45:00,Lighting,1.212
2026-09-17 09:00:00,Kitchen,3.257
2026-09-17 09:00:00,Laundry,2.368
2026-09-17 09:00:00,HVAC,2.944
2026-09-17 09:00:00,Process,7.638
2026-09-17 09:00:00,Lighting,1.376
2026-09-17 09:15:00,Kitchen,3.485
2026-09-17 09:15:00,Laundry,2.890
2026-09-17 09:15:00,HVAC,3.292
2026-09-17 09:15:00,Process,8.194
2026-09-17 09:15:00,Lighting,1.331
2026-09-17 09:30:00,Kitchen,1.006
2026-09-17 09:30:00,Laundry,2.319
2026-09-17 09:30:00,HVAC,3.394
2026-09-17 09:30:00,Process,6.840
2026-09-17 09:30:00,Lighting,1.238
2026-09-17 09:45:00,Kitchen,1.158
2026-09-17 09:45:00,Laundry,2.693
2026-09-17 09:45:00,HVAC,3.679
2026-09-17 09:45:00,Process,8.132
2026-09-17 09:45:00,Lighting,1.437
2026-09-17 10:00:00,Kitchen,1.071
2026-09-17 10:00:00,Laundry,2.464
2026-09-17 10:00:00,HVAC,4.771
2026-09-17 10:00:00,Process,7.945
2026-09-17 10:00:00,Lighting,1.305
2026-09-17 10:15:00,Kitchen,1.185
2026-09-17 10:15:00,Laundry,2.806
2026-09-17 10:15:00,HVAC,4.816
2026-09-17 10:15:00,Process,7.811
2026-09-17 10:15:00,Lighting,1.534
2026-09-17 10:30:00,Kitchen,1.015
2026-09-17 10:30:00,Laundry,2.438
2026-09-17 10:30:00,HVAC,4.146
2026-09-17 10:30:00,Process,8.449
2026-09-17 10:30:00,Lighting,1.475
2026-09-17 10:45:00,Kitchen,1.017
2026-09-17 10:45:00,Laundry,2.916
2026-09-17 10:45:00,HVAC,4.818
2026-09-17 10:45:00,Process,6.741
2026-09-17 10:45:00,Lighting,1.498
2026-09-17 11:00:00,Kitchen,0.926
2026-09-17 11:00:00,Laundry,2.931
2026-09-17 11:00:00,HVAC,5.161
2026-09-17 11:00:00,Process,7.932
2026-09-17 11:00:00,Lighting,1.342
2026-09-17 11:15:00,Kitchen,1.055
2026-09-17 11:15:00,Laundry,2.962
2026-09-17 11:15:00,HVAC,5.618
2026-09-17 11:15:00,Process,8.208
2026-09-17 11:15:00,Lighting,1.259
2026-09-17 11:30:00,Kitchen,0.980
2026-09-17 11:30:00,Laundry,2.885
2026-09-17 11:30:00,HVAC,5.327
2026-09-17 11:30:00,Process,6.902
2026-09-17 11:30:00,Lighting,1.328
2026-09-17 11:45:00,Kitchen,1.182
2026-09-17 11:45:00,Laundry,2.254
2026-09-17 11:45:00,HVAC,6.201
2026-09-17 11:45:00,Process,7.274
2026-09-17 11:45:00,Lighting,1.332
2026-09-17 12:00:00,Kitchen,4.702
2026-09-17 12:00:00,Laundry,0.702
2026-09-17 12:00:00,HVAC,5.730
2026-09-17 12:00:00,Process,7.905
2026-09-17 12:00:00,Lighting,1.235
2026-09-17 12:15:00,Kitchen,4.145
2026-09-17 12:15:00,Laundry,0.793
2026-09-17 12:15:00,HVAC,5.138
2026-09-17 12:15:00,Process,8.625
2026-09-17 12:15:00,Lighting,1.250
2026-09-17 12:30:00,Kitchen,4.329
2026-09-17 12:30:00,Laundry,0.738
2026-09-17 12:30:00,HVAC,6.025
2026-09-17 12:30:00,Process,8.644
2026-09-17 12:30:00,Lighting,1.287
2026-09-17 12:45:00,Kitchen,4.805
2026-09-17 12:45:00,Laundry,0.611
2026-09-17 12:45:00,HVAC,5.998
2026-09-17 12:45:00,Process,7.608
2026-09-17 12:45:00,Lighting,1.412
2026-09-17 13:00:00,Kitchen,5.043
2026-09-17 13:00:00,Laundry,0.758
2026-09-17 13:00:00,HVAC,5.300
2026-09-17 13:00:00,Process,7.407
2026-09-17 13:00:00,Lighting,1.432
2026-09-17 13:15:00,Kitchen,4.319
2026-09-17 13:15:00,Laundry,0.650
2026-09-17 13:15:00,HVAC,6.809
2026-09-17 13:15:00,Process,8.569
2026-09-17 13:15:00,Lighting,1.362
2026-09-17 13:30:00,Kitchen,4.611
2026-09-17 13:30:00,Laundry,0.764
2026-09-17 13:30:00,HVAC,6.151
2026-09-17 13:30:00,Process,7.820
2026-09-17 13:30:00,Lighting,1.296
2026-09-17 13:45:00,Kitchen,4.208
2026-09-17 13:45:00,Laundry,0.768
2026-09-17 13:45:00,HVAC,6.342
2026-09-17 13:45:00,Process,8.251
2026-09-17 13:45:00,Lighting,1.431
2026-09-17 14:00:00,Kitchen,4.182
2026-09-17 14:00:00,Laundry,2.129
2026-09-17 14:00:00,HVAC,5.348
2026-09-17 14:00:00,Process,7.200
2026-09-17 14:00:00,Lighting,1.387
2026-09-17 14:15:00,Kitchen,5.080
2026-09-17 14:15:00,Laundry,2.276
2026-09-17 14:15:00,HVAC,6.735
2026-09-17 14:15:00,Process,6.890
2026-09-17 14:15:00,Lighting,1.340
2026-09-17 14:30:00,Kitchen,1.072
2026-09-17 14:30:00,Laundry,2.035
2026-09-17 14:30:00,HVAC,6.870
2026-09-17 14:30:00,Process,7.495
2026-09-17 14:30:00,Lighting,1.475
2026-09-17 14:45:00,Kitchen,1.125
2026-09-17 14:45:00,Laundry,2.154
2026-09-17 14:45:00,HVAC,6.094
2026-09-17 14:45:00,Process,7.789
2026-09-17 14:45:00,Lighting,1.522
2026-09-17 15:00:00,Kitchen,0.993
2026-09-17 15:00:00,Laundry,1.843
2026-09-17 15:00:00,HVAC,5.778
2026-09-17 15:00:00,Process,7.482
2026-09-17 15:00:00,Lighting,1.296
2026-09-17 15:15:00,Kitchen,0.977
2026-09-17 15:15:00,Laundry,2.163
2026-09-17 15:15:00,HVAC,5.486
2026-09-17 15:15:00,Process,8.173
2026-09-17 15:15:00,Lighting,1.249
2026-09-17 15:30:00,Kitchen,0.944
2026-09-17 15:30:00,Laundry,2.284
2026-09-17 15:30:00,HVAC,6.585
2026-09-17 15:30:00,Process,8.582
2026-09-17 15:30:00,Lighting,1.429
2026-09-17 15:45:00,Kitchen,1.045
2026-09-17 15:45:00,Laundry,2.124
2026-09-17 15:45:00,HVAC,6.366
2026-09-17 15:45:00,Process,7.129
2026-09-17 15:45:00,Lighting,1.279
2026-09-17 16:00:00,Kitchen,1.196
2026-09-17 16:00:00,Laundry,1.997
2026-09-17 16:00:00,HVAC,5.577
2026-09-17 16:00:00,Process,7.160
2026-09-17 16:00:00,Lighting,1.330
2026-09-17 16:15:00,Kitchen,1.043
2026-09-17 16:15:00,Laundry,2.069
2026-09-17 16:15:00,HVAC,5.297
2026-09-17 16:15:00,Process,8.596
2026-09-17 16:15:00,Lighting,1.527
2026-09-17 16:30:00,Kitchen,1.103
2026-09-17 16:30:00,Laundry,1.907
2026-09-17 16:30:00,HVAC,6.117
2026-09-17 16:30:00,Process,8.305
2026-09-17 16:30:00,Lighting,1.426
2026-09-17 16:45:00,Kitchen,1.020
2026-09-17 16:45:00,Laundry,1.954
2026-09-17 16:45:00,HVAC,5.901
2026-09-17 16:45:00,Process,7.444
2026-09-17 16:45:00,Lighting,1.302
2026-09-17 17:00:00,Kitchen,0.949
2026-09-17 17:00:00,Laundry,2.343
2026-09-17 17:00:00,HVAC,5.549
2026-09-17 17:00:00,Process,6.873
2026-09-17 17:00:00,Lighting,1.245
2026-09-17 17:15:00,Kitchen,1.003
2026-09-17 17:15:00,Laundry,1.900
2026-09-17 17:15:00,HVAC,4.434
2026-09-17 17:15:00,Process,6.823
2026-09-17 17:15:00,Lighting,1.340
2026-09-17 17:30:00,Kitchen,1.090
2026-09-17 17:30:00,Laundry,0.702
2026-09-17 17:30:00,HVAC,4.522
2026-09-17 17:30:00,Process,7.714
2026-09-17 17:30:00,Lighting,1.377
2026-09-17 17:45:00,Kitchen,1.059
2026-09-17 17:45:00,Laundry,0.747
2026-09-17 17:45:00,HVAC,4.620
2026-09-17 17:45:00,Process,8.422
2026-09-17 17:45:00,Lighting,1.310
2026-09-17 18:00:00,Kitchen,1.054
2026-09-17 18:00:00,Laundry,0.714
2026-09-17 18:00:00,HVAC,4.870
2026-09-17 18:00:00,Process,4.785
2026-09-17 18:00:00,Lighting,2.181
2026-09-17 18:15:00,Kitchen,1.048
2026-09-17 18:15:00,Laundry,0.682
2026-09-17 18:15:00,HVAC,4.411
2026-09-17 18:15:00,Process,4.623
2026-09-17 18:15:00,Lighting,2.562
2026-09-17 18:30:00,Kitchen,0.940
2026-09-17 18:30:00,Laundry,0.791
2026-09-17 18:30:00,HVAC,3.797
2026-09-17 18:30:00,Process,3.758
2026-09-17 18:30:00,Lighting,2.368
2026-09-17 18:45:00,Kitchen,1.125
2026-09-17 18:45:00,Laundry,0.789
2026-09-17 18:45:00,HVAC,3.724
2026-09-17 18:45:00,Process,4.546
2026-09-17 18:45:00,Lighting,2.117
2026-09-17 19:00:00,Kitchen,5.112
2026-09-17 19:00:00,Laundry,0.747
2026-09-17 19:00:00,HVAC,3.064
2026-09-17 19:00:00,Process,3.678
2026-09-17 19:00:00,Lighting,2.423
2026-09-17 19:15:00,Kitchen,4.709
2026-09-17 19:15:00,Laundry,0.609
2026-09-17 19:15:00,HVAC,2.766
2026-09-17 19:15:00,Process,4.263
2026-09-17 19:15:00,Lighting,2.548
2026-09-17 19:30:00,Kitchen,5.804
2026-09-17 19:30:00,Laundry,0.659
2026-09-17 19:30:00,HVAC,2.989
2026-09-17 19:30:00,Process,4.763
2026-09-17 19:30:00,Lighting,2.776
2026-09-17 19:45:00,Kitchen,5.579
2026-09-17 19:45:00,Laundry,0.730
2026-09-17 19:45:00,HVAC,2.474
2026-09-17 19:45:00,Process,3.859
2026-09-17 19:45:00,Lighting,2.656
2026-09-17 20:00:00,Kitchen,5.340
2026-09-17 20:00:00,Laundry,0.311
2026-09-17 20:00:00,HVAC,2.676
2026-09-17 20:00:00,Process,4.725
2026-09-17 20:00:00,Lighting,2.283
2026-09-17 20:15:00,Kitchen,5.763
2026-09-17 20:15:00,Laundry,0.310
2026-09-17 20:15:00,HVAC,2.722
2026-09-17 20:15:00,Process,4.335
2026-09-17 20:15:00,Lighting,2.266
2026-09-17 20:30:00,Kitchen,5.205
2026-09-17 20:30:00,Laundry,0.274
2026-09-17 20:30:00,HVAC,2.456
2026-09-17 20:30:00,Process,4.467
2026-09-17 20:30:00,Lighting,2.373
2026-09-17 20:45:00,Kitchen,4.892
2026-09-17 20:45:00,Laundry,0.277
2026-09-17 20:45:00,HVAC,2.616
2026-09-17 20:45:00,Process,4.729
2026-09-17 20:45:00,Lighting,2.377
2026-09-17 21:00:00,Kitchen,5.076
2026-09-17 21:00:00,Laundry,0.296
2026-09-17 21:00:00,HVAC,2.638
2026-09-17 21:00:00,Process,3.983
2026-09-17 21:00:00,Lighting,2.309
2026-09-17 21:15:00,Kitchen,6.136
2026-09-17 21:15:00,Laundry,0.249
2026-09-17 21:15:00,HVAC,2.533
2026-09-17 21:15:00,Process,4.302
2026-09-17 21:15:00,Lighting,2.633
2026-09-17 21:30:00,Kitchen,1.072
2026-09-17 21:30:00,Laundry,0.297
2026-09-17 21:30:00,HVAC,2.129
2026-09-17 21:30:00,Process,3.621
2026-09-17 21:30:00,Lighting,2.593
2026-09-17 21:45:00,Kitchen,1.066
2026-09-17 21:45:00,Laundry,0.242
2026-09-17 21:45:00,HVAC,2.474
2026-09-17 21:45:00,Process,3.638
2026-09-17 21:45:00,Lighting,2.681
2026-09-17 22:00:00,Kitchen,0.451
2026-09-17 22:00:00,Laundry,0.282
2026-09-17 22:00:00,HVAC,1.539
2026-09-17 22:00:00,Process,1.185
2026-09-17 22:00:00,Lighting,2.155
2026-09-17 22:15:00,Kitchen,0.408
2026-09-17 22:15:00,Laundry,0.307
2026-09-17 22:15:00,HVAC,1.805
2026-09-17 22:15:00,Process,1.143
2026-09-17 22:15:00,Lighting,2.127
2026-09-17 22:30:00,Kitchen,0.412
2026-09-17 22:30:00,Laundry,0.248
2026-09-17 22:30:00,HVAC,1.569
2026-09-17 22:30:00,Process,1.186
2026-09-17 22:30:00,Lighting,2.479
2026-09-17 22:45:00,Kitchen,0.377
2026-09-17 22:45:00,Laundry,0.280
2026-09-17 22:45:00,HVAC,1.573
2026-09-17 22:45:00,Process,1.032
2026-09-17 22:45:00,Lighting,2.423
2026-09-17 23:00:00,Kitchen,0.422
2026-09-17 23:00:00,Laundry,0.292
2026-09-17 23:00:00,HVAC,1.576
2026-09-17 23:00:00,Process,0.993
2026-09-17 23:00:00,Lighting,0.419
2026-09-17 23:15:00,Kitchen,0.395
2026-09-17 23:15:00,Laundry,0.316
2026-09-17 23:15:00,HVAC,1.399
2026-09-17 23:15:00,Process,1.209
2026-09-17 23:15:00,Lighting,0.430
2026-09-17 23:30:00,Kitchen,0.374
2026-09-17 23:30:00,Laundry,0.272
2026-09-17 23:30:00,HVAC,1.549
2026-09-17 23:30:00,Process,1.060
2026-09-17 23:30:00,Lighting,0.370
2026-09-17 23:45:00,Kitchen,0.417
2026-09-17 23:45:00,Laundry,0.268
2026-09-17 23:45:00,HVAC,1.692
2026-09-17 23:45:00,Process,1.114
2026-09-17 23:45:00,Lighting,0.367
2026-09-18 00:00:00,Kitchen,0.455
2026-09-18 00:00:00,Laundry,0.258
2026-09-18 00:00:00,HVAC,1.695
2026-09-18 00:00:00,Process,0.998
2026-09-18 00:00:00,Lighting,0.385
2026-09-18 00:15:00,Kitchen,0.455
2026-09-18 00:15:00,Laundry,0.268
2026-09-18 00:15:00,HVAC,1.822
2026-09-18 00:15:00,Process,0.953
2026-09-18 00:15:00,Lighting,0.433
2026-09-18 00:30:00,Kitchen,0.467
2026-09-18 00:30:00,Laundry,0.258
2026-09-18 00:30:00,HVAC,1.750
2026-09-18 00:30:00,Process,1.159
2026-09-18 00:30:00,Lighting,0.372
2026-09-18 00:45:00,Kitchen,0.467
2026-09-18 00:45:00,Laundry,0.310
2026-09-18 00:45:00,HVAC,1.500
2026-09-18 00:45:00,Process,1.191
2026-09-18 00:45:00,Lighting,0.412
2026-09-18 01:00:00,Kitchen,0.442
2026-09-18 01:00:00,Laundry,0.309
2026-09-18 01:00:00,HVAC,1.517
2026-09-18 01:00:00,Process,0.955
2026-09-18 01:00:00,Lighting,0.383
2026-09-18 01:15:00,Kitchen,0.415
2026-09-18 01:15:00,Laundry,0.272
2026-09-18 01:15:00,HVAC,1.597
2026-09-18 01:15:00,Process,1.227
2026-09-18 01:15:00,Lighting,0.416
2026-09-18 01:30:00,Kitchen,0.431
2026-09-18 01:30:00,Laundry,0.290
2026-09-18 01:30:00,HVAC,1.565
2026-09-18 01:30:00,Process,1.217
2026-09-18 01:30:00,Lighting,0.364
2026-09-18 01:45:00,Kitchen,0.380
2026-09-18 01:45:00,Laundry,0.287
2026-09-18 01:45:00,HVAC,1.385
2026-09-18 01:45:00,Process,1.096
2026-09-18 01:45:00,Lighting,0.352
2026-09-18 02:00:00,Kitchen,0.446
2026-09-18 02:00:00,Laundry,0.286
2026-09-18 02:00:00,HVAC,1.534
2026-09-18 02:00:00,Process,1.016
2026-09-18 02:00:00,Lighting,0.366
2026-09-18 02:15:00,Kitchen,0.376
2026-09-18 02:15:00,Laundry,0.287
2026-09-18 02:15:00,HVAC,1.683
2026-09-18 02:15:00,Process,1.151
2026-09-18 02:15:00,Lighting,0.385
2026-09-18 02:30:00,Kitchen,0.445
2026-09-18 02:30:00,Laundry,0.318
2026-09-18 02:30:00,HVAC,1.467
2026-09-18 02:30:00,Process,1.055
2026-09-18 02:30:00,Lighting,0.395
2026-09-18 02:45:00,Kitchen,0.400
2026-09-18 02:45:00,Laundry,0.248
2026-09-18 02:45:00,HVAC,1.768
2026-09-18 02:45:00,Process,1.201
2026-09-18 02:45:00,Lighting,0.371
2026-09-18 03:00:00,Kitchen,0.365
2026-09-18 03:00:00,Laundry,0.261
2026-09-18 03:00:00,HVAC,1.671
2026-09-18 03:00:00,Process,1.097
2026-09-18 03:00:00,Lighting,0.384
2026-09-18 03:15:00,Kitchen,0.470
2026-09-18 03:15:00,Laundry,0.315
2026-09-18 03:15:00,HVAC,1.554
2026-09-18 03:15:00,Process,1.126
2026-09-18 03:15:00,Lighting,0.411
2026-09-18 03:30:00,Kitchen,0.467
2026-09-18 03:30:00,Laundry,0.243
2026-09-18 03:30:00,HVAC,1.677
2026-09-18 03:30:00,Process,1.119
2026-09-18 03:30:00,Lighting,0.378
2026-09-18 03:45:00,Kitchen,0.467
2026-09-18 03:45:00,Laundry,0.272
2026-09-18 03:45:00,HVAC,1.616
2026-09-18 03:45:00,Process,1.242
2026-09-18 03:45:00,Lighting,0.377
2026-09-18 04:00:00,Kitchen,0.429
2026-09-18 04:00:00,Laundry,0.244
2026-09-18 04:00:00,HVAC,1.535
2026-09-18 04:00:00,Process,1.197
2026-09-18 04:00:00,Lighting,0.365
2026-09-18 04:15:00,Kitchen,0.400
2026-09-18 04:15:00,Laundry,0.242
2026-09-18 04:15:00,HVAC,1.556
2026-09-18 04:15:00,Process,1.098
2026-09-18 04:15:00,Lighting,0.408
2026-09-18 04:30:00,Kitchen,0.391
2026-09-18 04:30:00,Laundry,0.285
2026-09-18 04:30:00,HVAC,1.617
2026-09-18 04:30:00,Process,1.134
2026-09-18 04:30:00,Lighting,0.339
2026-09-18 04:45:00,Kitchen,0.380
2026-09-18 04:45:00,Laundry,0.246
2026-09-18 04:45:00,HVAC,1.409
2026-09-18 04:45:00,Process,1.214
2026-09-18 04:45:00,Lighting,0.357
2026-09-18 05:00:00,Kitchen,0.384
2026-09-18 05:00:00,Laundry,0.245
2026-09-18 05:00:00,HVAC,1.557
2026-09-18 05:00:00,Process,1.241
2026-09-18 05:00:00,Lighting,0.417
2026-09-18 05:15:00,Kitchen,0.418
2026-09-18 05:15:00,Laundry,0.295
2026-09-18 05:15:00,HVAC,1.419
2026-09-18 05:15:00,Process,0.974
2026-09-18 05:15:00,Lighting,0.408
2026-09-18 05:30:00,Kitchen,0.420
2026-09-18 05:30:00,Laundry,0.273
2026-09-18 05:30:00,HVAC,1.798
2026-09-18 05:30:00,Process,1.025
2026-09-18 05:30:00,Lighting,0.336
2026-09-18 05:45:00,Kitchen,0.429
2026-09-18 05:45:00,Laundry,0.245
2026-09-18 05:45:00,HVAC,1.715
2026-09-18 05:45:00,Process,1.021
2026-09-18 05:45:00,Lighting,0.354
2026-09-18 06:00:00,Kitchen,0.943
2026-09-18 06:00:00,Laundry,0.717
2026-09-18 06:00:00,HVAC,2.412
2026-09-18 06:00:00,Process,4.313
2026-09-18 06:00:00,Lighting,1.488
2026-09-18 06:15:00,Kitchen,1.171
2026-09-18 06:15:00,Laundry,0.624
2026-09-18 06:15:00,HVAC,2.732
2026-09-18 06:15:00,Process,3.738
2026-09-18 06:15:00,Lighting,1.200
2026-09-18 06:30:00,Kitchen,1.131
2026-09-18 06:30:00,Laundry,0.758
2026-09-18 06:30:00,HVAC,2.118
2026-09-18 06:30:00,Process,4.003
2026-09-18 06:30:00,Lighting,1.456
2026-09-18 06:45:00,Kitchen,1.145
2026-09-18 06:45:00,Laundry,0.756
2026-09-18 06:45:00,HVAC,2.558
2026-09-18 06:45:00,Process,3.890
2026-09-18 06:45:00,Lighting,1.180
2026-09-18 07:00:00,Kitchen,3.838
2026-09-18 07:00:00,Laundry,0.668
2026-09-18 07:00:00,HVAC,2.293
2026-09-18 07:00:00,Process,4.367
2026-09-18 07:00:00,Lighting,1.227
2026-09-18 07:15:00,Kitchen,3.088
2026-09-18 07:15:00,Laundry,0.672
2026-09-18 07:15:00,HVAC,2.294
2026-09-18 07:15:00,Process,3.900
2026-09-18 07:15:00,Lighting,1.521
2026-09-18 07:30:00,Kitchen,3.453
2026-09-18 07:30:00,Laundry,0.711
2026-09-18 07:30:00,HVAC,2.338
2026-09-18 07:30:00,Process,3.730
2026-09-18 07:30:00,Lighting,1.433
2026-09-18 07:45:00,Kitchen,3.755
2026-09-18 07:45:00,Laundry,0.609
2026-09-18 07:45:00,HVAC,2.671
2026-09-18 07:45:00,Process,4.525
2026-09-18 07:45:00,Lighting,1.379
2026-09-18 08:00:00,Kitchen,3.134
2026-09-18 08:00:00,Laundry,2.420
2026-09-18 08:00:00,HVAC,2.551
2026-09-18 08:00:00,Process,7.874
2026-09-18 08:00:00,Lighting,1.275
2026-09-18 08:15:00,Kitchen,3.140
2026-09-18 08:15:00,Laundry,2.793
2026-09-18 08:15:00,HVAC,2.968
2026-09-18 08:15:00,Process,8.194
2026-09-18 08:15:00,Lighting,1.536
2026-09-18 08:30:00,Kitchen,3.457
2026-09-18 08:30:00,Laundry,2.643
2026-09-18 08:30:00,HVAC,3.075
2026-09-18 08:30:00,Process,7.768
2026-09-18 08:30:00,Lighting,1.326
2026-09-18 08:45:00,Kitchen,3.736
2026-09-18 08:45:00,Laundry,2.653
2026-09-18 08:45:00,HVAC,3.168
2026-09-18 08:45:00,Process,7.984
2026-09-18 08:45:00,Lighting,1.297
2026-09-18 09:00:00,Kitchen,3.427
2026-09-18 09:00:00,Laundry,2.713
2026-09-18 09:00:00,HVAC,3.584
2026-09-18 09:00:00,Process,7.870
2026-09-18 09:00:00,Lighting,1.307
2026-09-18 09:15:00,Kitchen,2.959
2026-09-18 09:15:00,Laundry,2.914
2026-09-18 09:15:00,HVAC,3.847
2026-09-18 09:15:00,Process,8.497
2026-09-18 09:15:00,Lighting,1.194
2026-09-18 09:30:00,Kitchen,1.161
2026-09-18 09:30:00,Laundry,2.779
2026-09-18 09:30:00,HVAC,3.774
2026-09-18 09:30:00,Process,8.280
2026-09-18 09:30:00,Lighting,1.368
2026-09-18 09:45:00,Kitchen,1.080
2026-09-18 09:45:00,Laundry,2.598
2026-09-18 09:45:00,HVAC,4.032
2026-09-18 09:45:00,Process,8.597
2026-09-18 09:45:00,Lighting,1.291
2026-09-18 10:00:00,Kitchen,0.918
2026-09-18 10:00:00,Laundry,2.266
2026-09-18 10:00:00,HVAC,3.850
2026-09-18 10:00:00,Process,8.386
2026-09-18 10:00:00,Lighting,1.205
2026-09-18 10:15:00,Kitchen,0.947
2026-09-18 10:15:00,Laundry,2.805
2026-09-18 10:15:00,HVAC,4.861
2026-09-18 10:15:00,Process,8.107
2026-09-18 10:15:00,Lighting,1.446
2026-09-18 10:30:00,Kitchen,1.063
2026-09-18 10:30:00,Laundry,2.902
2026-09-18 10:30:00,HVAC,4.636
2026-09-18 10:30:00,Process,7.099
2026-09-18 10:30:00,Lighting,1.363
2026-09-18 10:45:00,Kitchen,1.030
2026-09-18 10:45:00,Laundry,2.473
2026-09-18 10:45:00,HVAC,5.337
2026-09-18 10:45:00,Process,7.765
2026-09-18 10:45:00,Lighting,1.490
2026-09-18 11:00:00,Kitchen,0.961
2026-09-18 11:00:00,Laundry,2.468
2026-09-18 11:00:00,HVAC,5.411
2026-09-18 11:00:00,Process,8.848
2026-09-18 11:00:00,Lighting,1.356
2026-09-18 11:15:00,Kitchen,1.170
2026-09-18 11:15:00,Laundry,2.778
2026-09-18 11:15:00,HVAC,5.393
2026-09-18 11:15:00,Process,7.274
2026-09-18 11:15:00,Lighting,1.345
2026-09-18 11:30:00,Kitchen,0.916
2026-09-18 11:30:00,Laundry,2.727
2026-09-18 11:30:00,HVAC,4.753
2026-09-18 11:30:00,Process,6.879
2026-09-18 11:30:00,Lighting,1.479
2026-09-18 11:45:00,Kitchen,1.139
2026-09-18 11:45:00,Laundry,2.733
2026-09-18 11:45:00,HVAC,6.302
2026-09-18 11:45:00,Process,7.291
2026-09-18 11:45:00,Lighting,1.413
2026-09-18 12:00:00,Kitchen,4.495
2026-09-18 12:00:00,Laundry,0.794
2026-09-18 12:00:00,HVAC,5.411
2026-09-18 12:00:00,Process,7.349
2026-09-18 12:00:00,Lighting,1.225
2026-09-18 12:15:00,Kitchen,5.131
2026-09-18 12:15:00,Laundry,0.661
2026-09-18 12:15:00,HVAC,6.363
2026-09-18 12:15:00,Process,7.438
2026-09-18 12:15:00,Lighting,1.449
2026-09-18 12:30:00,Kitchen,4.322
2026-09-18 12:30:00,Laundry,0.740
2026-09-18 12:30:00,HVAC,5.874
2026-09-18 12:30:00,Process,8.088
2026-09-18 12:30:00,Lighting,1.344
2026-09-18 12:45:00,Kitchen,5.147
2026-09-18 12:45:00,Laundry,0.611
2026-09-18 12:45:00,HVAC,5.639
2026-09-18 12:45:00,Process,8.122
2026-09-18 12:45:00,Lighting,1.345
2026-09-18 13:00:00,Kitchen,4.136
2026-09-18 13:00:00,Laundry,0.707
2026-09-18 13:00:00,HVAC,6.009
2026-09-18 13:00:00,Process,6.817
2026-09-18 13:00:00,Lighting,1.321
2026-09-18 13:15:00,Kitchen,5.024
2026-09-18 13:15:00,Laundry,0.636
2026-09-18 13:15:00,HVAC,6.698
2026-09-18 13:15:00,Process,6.887
2026-09-18 13:15:00,Lighting,1.337
2026-09-18 13:30:00,Kitchen,4.670
2026-09-18 13:30:00,Laundry,0.648
2026-09-18 13:30:00,HVAC,6.326
2026-09-18 13:30:00,Process,8.146
2026-09-18 13:30:00,Lighting,1.253
2026-09-18 13:45:00,Kitchen,4.041
2026-09-18 13:45:00,Laundry,0.773
2026-09-18 13:45:00,HVAC,6.135
2026-09-18 13:45:00,Process,6.768
2026-09-18 13:45:00,Lighting,1.529
2026-09-18 14:00:00,Kitchen,3.991
2026-09-18 14:00:00,Laundry,2.004
2026-09-18 14:00:00,HVAC,5.601
2026-09-18 14:00:00,Process,7.047
2026-09-18 14:00:00,Lighting,1.500
2026-09-18 14:15:00,Kitchen,4.544
2026-09-18 14:15:00,Laundry,1.823
2026-09-18 14:15:00,HVAC,6.685
2026-09-18 14:15:00,Process,7.958
2026-09-18 14:15:00,Lighting,1.213
2026-09-18 14:30:00,Kitchen,1.180
2026-09-18 14:30:00,Laundry,2.325
2026-09-18 14:30:00,HVAC,5.719
2026-09-18 14:30:00,Process,8.116
2026-09-18 14:30:00,Lighting,1.448
2026-09-18 14:45:00,Kitchen,1.051
2026-09-18 14:45:00,Laundry,2.065
2026-09-18 14:45:00,HVAC,5.823
2026-09-18 14:45:00,Process,8.731
2026-09-18 14:45:00,Lighting,1.226
2026-09-18 15:00:00,Kitchen,1.178
2026-09-18 15:00:00,Laundry,1.979
2026-09-18 15:00:00,HVAC,5.871
2026-09-18 15:00:00,Process,8.844
2026-09-18 15:00:00,Lighting,1.279
2026-09-18 15:15:00,Kitchen,1.092
2026-09-18 15:15:00,Laundry,2.047
2026-09-18 15:15:00,HVAC,6.246
2026-09-18 15:15:00,Process,8.339
2026-09-18 15:15:00,Lighting,1.193
2026-09-18 15:30:00,Kitchen,0.973
2026-09-18 15:30:00,Laundry,2.004
2026-09-18 15:30:00,HVAC,5.703
2026-09-18 15:30:00,Process,8.788
2026-09-18 15:30:00,Lighting,1.283
2026-09-18 15:45:00,Kitchen,0.985
2026-09-18 15:45:00,Laundry,2.192
2026-09-18 15:45:00,HVAC,6.061
2026-09-18 15:45:00,Process,7.599
2026-09-18 15:45:00,Lighting,1.200
2026-09-18 16:00:00,Kitchen,1.187
2026-09-18 16:00:00,Laundry,2.080
2026-09-18 16:00:00,HVAC,6.036
2026-09-18 16:00:00,Process,7.082
2026-09-18 16:00:00,Lighting,1.162
2026-09-18 16:15:00,Kitchen,1.120
2026-09-18 16:15:00,Laundry,2.155
2026-09-18 16:15:00,HVAC,4.856
2026-09-18 16:15:00,Process,8.630
2026-09-18 16:15:00,Lighting,1.523
2026-09-18 16:30:00,Kitchen,1.050
2026-09-18 16:30:00,Laundry,2.287
2026-09-18 16:30:00,HVAC,5.574
2026-09-18 16:30:00,Process,8.254
2026-09-18 16:30:00,Lighting,1.233
2026-09-18 16:45:00,Kitchen,1.196
2026-09-18 16:45:00,Laundry,2.197
2026-09-18 16:45:00,HVAC,5.893
2026-09-18 16:45:00,Process,6.773
2026-09-18 16:45:00,Lighting,1.264
2026-09-18 17:00:00,Kitchen,0.952
2026-09-18 17:00:00,Laundry,2.272
2026-09-18 17:00:00,HVAC,5.490
2026-09-18 17:00:00,Process,6.840
2026-09-18 17:00:00,Lighting,1.173
2026-09-18 17:15:00,Kitchen,1.191
2026-09-18 17:15:00,Laundry,2.341
2026-09-18 17:15:00,HVAC,5.558
2026-09-18 17:15:00,Process,7.413
2026-09-18 17:15:00,Lighting,1.529
2026-09-18 17:30:00,Kitchen,1.014
2026-09-18 17:30:00,Laundry,0.627
2026-09-18 17:30:00,HVAC,4.616
2026-09-18 17:30:00,Process,8.726
2026-09-18 17:30:00,Lighting,1.227
2026-09-18 17:45:00,Kitchen,1.095
2026-09-18 17:45:00,Laundry,0.688
2026-09-18 17:45:00,HVAC,4.953
2026-09-18 17:45:00,Process,6.729
2026-09-18 17:45:00,Lighting,1.300
2026-09-18 18:00:00,Kitchen,1.042
2026-09-18 18:00:00,Laundry,0.608
2026-09-18 18:00:00,HVAC,4.670
2026-09-18 18:00:00,Process,4.665
2026-09-18 18:00:00,Lighting,2.508
2026-09-18 18:15:00,Kitchen,0.977
2026-09-18 18:15:00,Laundry,0.696
2026-09-18 18:15:00,HVAC,4.327
2026-09-18 18:15:00,Process,4.305
2026-09-18 18:15:00,Lighting,2.489
2026-09-18 18:30:00,Kitchen,1.055
2026-09-18 18:30:00,Laundry,0.726
2026-09-18 18:30:00,HVAC,3.469
2026-09-18 18:30:00,Process,4.731
2026-09-18 18:30:00,Lighting,2.529
2026-09-18 18:45:00,Kitchen,1.001
2026-09-18 18:45:00,Laundry,0.683
2026-09-18 18:45:00,HVAC,3.452
2026-09-18 18:45:00,Process,4.312
2026-09-18 18:45:00,Lighting,2.314
2026-09-18 19:00:00,Kitchen,5.559
2026-09-18 19:00:00,Laundry,0.708
2026-09-18 19:00:00,HVAC,3.617
2026-09-18 19:00:00,Process,4.617
2026-09-18 19:00:00,Lighting,2.593
2026-09-18 19:15:00,Kitchen,5.577
2026-09-18 19:15:00,Laundry,0.741
2026-09-18 19:15:00,HVAC,3.450
2026-09-18 19:15:00,Process,3.933
2026-09-18 19:15:00,Lighting,2.376
2026-09-18 19:30:00,Kitchen,5.048
2026-09-18 19:30:00,Laundry,0.616
2026-09-18 19:30:00,HVAC,2.819
2026-09-18 19:30:00,Process,3.700
2026-09-18 19:30:00,Lighting,2.780
2026-09-18 19:45:00,Kitchen,5.120
2026-09-18 19:45:00,Laundry,0.659
2026-09-18 19:45:00,HVAC,2.675
2026-09-18 19:45:00,Process,4.117
2026-09-18 19:45:00,Lighting,2.476
2026-09-18 20:00:00,Kitchen,4.651
2026-09-18 20:00:00,Laundry,0.247
2026-09-18 20:00:00,HVAC,2.486
2026-09-18 20:00:00,Process,4.103
2026-09-18 20:00:00,Lighting,2.478
2026-09-18 20:15:00,Kitchen,5.015
2026-09-18 20:15:00,Laundry,0.313
2026-09-18 20:15:00,HVAC,2.655
2026-09-18 20:15:00,Process,4.718
2026-09-18 20:15:00,Lighting,2.603
2026-09-18 20:30:00,Kitchen,4.705
2026-09-18 20:30:00,Laundry,0.273
2026-09-18 20:30:00,HVAC,2.335
2026-09-18 20:30:00,Process,4.537
2026-09-18 20:30:00,Lighting,2.318
2026-09-18 20:45:00,Kitchen,5.422
2026-09-18 20:45:00,Laundry,0.246
2026-09-18 20:45:00,HVAC,2.106
2026-09-18 20:45:00,Process,4.317
2026-09-18 20:45:00,Lighting,2.545
2026-09-18 21:00:00,Kitchen,5.036
2026-09-18 21:00:00,Laundry,0.284
2026-09-18 21:00:00,HVAC,2.473
2026-09-18 21:00:00,Process,3.845
2026-09-18 21:00:00,Lighting,2.486
2026-09-18 21:15:00,Kitchen,5.690
2026-09-18 21:15:00,Laundry,0.280
2026-09-18 21:15:00,HVAC,2.525
2026-09-18 21:15:00,Process,3.615
2026-09-18 21:15:00,Lighting,2.376
2026-09-18 21:30:00,Kitchen,0.967
2026-09-18 21:30:00,Laundry,0.279
2026-09-18 21:30:00,HVAC,2.229
2026-09-18 21:30:00,Process,4.220
2026-09-18 21:30:00,Lighting,2.138
2026-09-18 21:45:00,Kitchen,1.005
2026-09-18 21:45:00,Laundry,0.250
2026-09-18 21:45:00,HVAC,2.656
2026-09-18 21:45:00,Process,4.253
2026-09-18 21:45:00,Lighting,2.727
2026-09-18 22:00:00,Kitchen,0.473
2026-09-18 22:00:00,Laundry,0.289
2026-09-18 22:00:00,HVAC,1.444
2026-09-18 22:00:00,Process,1.077
2026-09-18 22:00:00,Lighting,2.242
2026-09-18 22:15:00,Kitchen,0.371
2026-09-18 22:15:00,Laundry,0.265
2026-09-18 22:15:00,HVAC,1.716
2026-09-18 22:15:00,Process,1.018
2026-09-18 22:15:00,Lighting,2.158
2026-09-18 22:30:00,Kitchen,0.383
2026-09-18 22:30:00,Laundry,0.274
2026-09-18 22:30:00,HVAC,1.480
2026-09-18 22:30:00,Process,0.962
2026-09-18 22:30:00,Lighting,2.725
2026-09-18 22:45:00,Kitchen,0.426
2026-09-18 22:45:00,Laundry,0.262
2026-09-18 22:45:00,HVAC,1.754
2026-09-18 22:45:00,Process,1.234
2026-09-18 22:45:00,Lighting,2.539
2026-09-18 23:00:00,Kitchen,0.419
2026-09-18 23:00:00,Laundry,0.319
2026-09-18 23:00:00,HVAC,1.618
2026-09-18 23:00:00,Process,0.989
2026-09-18 23:00:00,Lighting,0.388
2026-09-18 23:15:00,Kitchen,0.429
2026-09-18 23:15:00,Laundry,0.283
2026-09-18 23:15:00,HVAC,1.430
2026-09-18 23:15:00,Process,1.231
2026-09-18 23:15:00,Lighting,0.410
2026-09-18 23:30:00,Kitchen,0.393
2026-09-18 23:30:00,Laundry,0.264
2026-09-18 23:30:00,HVAC,1.406
2026-09-18 23:30:00,Process,1.078
2026-09-18 23:30:00,Lighting,0.386
2026-09-18 23:45:00,Kitchen,0.391
2026-09-18 23:45:00,Laundry,0.247
2026-09-18 23:45:00,HVAC,1.603
2026-09-18 23:45:00,Process,1.150
2026-09-18 23:45:00,Lighting,0.333
2026-09-19 00:00:00,Kitchen,0.457
2026-09-19 00:00:00,Laundry,0.207
2026-09-19 00:00:00,HVAC,1.462
2026-09-19 00:00:00,Process,0.495
2026-09-19 00:00:00,Lighting,0.431
2026-09-19 00:15:00,Kitchen,0.426
2026-09-19 00:15:00,Laundry,0.201
2026-09-19 00:15:00,HVAC,1.393
2026-09-19 00:15:00,Process,0.543
2026-09-19 00:15:00,Lighting,0.405
2026-09-19 00:30:00,Kitchen,0.452
2026-09-19 00:30:00,Laundry,0.196
2026-09-19 00:30:00,HVAC,1.381
2026-09-19 00:30:00,Process,0.565
2026-09-19 00:30:00,Lighting,0.397
2026-09-19 00:45:00,Kitchen,0.442
2026-09-19 00:45:00,Laundry,0.195
2026-09-19 00:45:00,HVAC,1.535
2026-09-19 00:45:00,Process,0.480
2026-09-19 00:45:00,Lighting,0.381
2026-09-19 01:00:00,Kitchen,0.372
2026-09-19 01:00:00,Laundry,0.180
2026-09-19 01:00:00,HVAC,1.344
2026-09-19 01:00:00,Process,0.575
2026-09-19 01:00:00,Lighting,0.431
2026-09-19 01:15:00,Kitchen,0.369
2026-09-19 01:15:00,Laundry,0.221
2026-09-19 01:15:00,HVAC,1.418
2026-09-19 01:15:00,Process,0.619
2026-09-19 01:15:00,Lighting,0.336
2026-09-19 01:30:00,Kitchen,0.411
2026-09-19 01:30:00,Laundry,0.220
2026-09-19 01:30:00,HVAC,1.441
2026-09-19 01:30:00,Process,0.567
2026-09-19 01:30:00,Lighting,0.431
2026-09-19 01:45:00,Kitchen,0.465
2026-09-19 01:45:00,Laundry,0.188
2026-09-19 01:45:00,HVAC,1.501
2026-09-19 01:45:00,Process,0.596
2026-09-19 01:45:00,Lighting,0.408
2026-09-19 02:00:00,Kitchen,0.439
2026-09-19 02:00:00,Laundry,0.183
2026-09-19 02:00:00,HVAC,1.320
2026-09-19 02:00:00,Process,0.511
2026-09-19 02:00:00,Lighting,0.415
2026-09-19 02:15:00,Kitchen,0.448
2026-09-19 02:15:00,Laundry,0.208
2026-09-19 02:15:00,HVAC,1.637
2026-09-19 02:15:00,Process,0.483
2026-09-19 02:15:00,Lighting,0.419
2026-09-19 02:30:00,Kitchen,0.452
2026-09-19 02:30:00,Laundry,0.219
2026-09-19 02:30:00,HVAC,1.552
2026-09-19 02:30:00,Process,0.526
2026-09-19 02:30:00,Lighting,0.353
2026-09-19 02:45:00,Kitchen,0.456
2026-09-19 02:45:00,Laundry,0.182
2026-09-19 02:45:00,HVAC,1.522
2026-09-19 02:45:00,Process,0.477
2026-09-19 02:45:00,Lighting,0.364
2026-09-19 03:00:00,Kitchen,0.469
2026-09-19 03:00:00,Laundry,0.197
2026-09-19 03:00:00,HVAC,1.437
2026-09-19 03:00:00,Process,0.561
2026-09-19 03:00:00,Lighting,0.430
2026-09-19 03:15:00,Kitchen,0.431
2026-09-19 03:15:00,Laundry,0.227
2026-09-19 03:15:00,HVAC,1.317
2026-09-19 03:15:00,Process,0.571
2026-09-19 03:15:00,Lighting,0.424
2026-09-19 03:30:00,Kitchen,0.425
2026-09-19 03:30:00,Laundry,0.213
2026-09-19 03:30:00,HVAC,1.619
2026-09-19 03:30:00,Process,0.597
2026-09-19 03:30:00,Lighting,0.429
2026-09-19 03:45:00,Kitchen,0.384
2026-09-19 03:45:00,Laundry,0.215
2026-09-19 03:45:00,HVAC,1.451
2026-09-19 03:45:00,Process,0.496
2026-09-19 03:45:00,Lighting,0.388
2026-09-19 04:00:00,Kitchen,0.429
2026-09-19 04:00:00,Laundry,0.210
2026-09-19 04:00:00,HVAC,1.568
2026-09-19 04:00:00,Process,0.611
2026-09-19 04:00:00,Lighting,0.419
2026-09-19 04:15:00,Kitchen,0.375
2026-09-19 04:15:00,Laundry,0.196
2026-09-19 04:15:00,HVAC,1.505
2026-09-19 04:15:00,Process,0.611
2026-09-19 04:15:00,Lighting,0.356
2026-09-19 04:30:00,Kitchen,0.415
2026-09-19 04:30:00,Laundry,0.192
2026-09-19 04:30:00,HVAC,1.588
2026-09-19 04:30:00,Process,0.574
2026-09-19 04:30:00,Lighting,0.403
2026-09-19 04:45:00,Kitchen,0.424
2026-09-19 04:45:00,Laundry,0.179
2026-09-19 04:45:00,HVAC,1.573
2026-09-19 04:45:00,Process,0.554
2026-09-19 04:45:00,Lighting,0.425
2026-09-19 05:00:00,Kitchen,0.364
2026-09-19 05:00:00,Laundry,0.216
2026-09-19 05:00:00,HVAC,1.277
2026-09-19 05:00:00,Process,0.495
2026-09-19 05:00:00,Lighting,0.369
2026-09-19 05:15:00,Kitchen,0.440
2026-09-19 05:15:00,Laundry,0.227
2026-09-19 05:15:00,HVAC,1.609
2026-09-19 05:15:00,Process,0.514
2026-09-19 05:15:00,Lighting,0.359
2026-09-19 05:30:00,Kitchen,0.473
2026-09-19 05:30:00,Laundry,0.228
2026-09-19 05:30:00,HVAC,1.608
2026-09-19 05:30:00,Process,0.533
2026-09-19 05:30:00,Lighting,0.378
2026-09-19 05:45:00,Kitchen,0.395
2026-09-19 05:45:00,Laundry,0.214
2026-09-19 05:45:00,HVAC,1.336
2026-09-19 05:45:00,Process,0.525
2026-09-19 05:45:00,Lighting,0.379
2026-09-19 06:00:00,Kitchen,1.045
2026-09-19 06:00:00,Laundry,0.460
2026-09-19 06:00:00,HVAC,2.185
2026-09-19 06:00:00,Process,0.553
2026-09-19 06:00:00,Lighting,1.254
2026-09-19 06:15:00,Kitchen,0.933
2026-09-19 06:15:00,Laundry,0.471
2026-09-19 06:15:00,HVAC,2.104
2026-09-19 06:15:00,Process,0.528
2026-09-19 06:15:00,Lighting,1.367
2026-09-19 06:30:00,Kitchen,0.927
2026-09-19 06:30:00,Laundry,0.527
2026-09-19 06:30:00,HVAC,1.865
2026-09-19 06:30:00,Process,0.591
2026-09-19 06:30:00,Lighting,1.447
2026-09-19 06:45:00,Kitchen,0.932
2026-09-19 06:45:00,Laundry,0.532
2026-09-19 06:45:00,HVAC,2.222
2026-09-19 06:45:00,Process,0.573
2026-09-19 06:45:00,Lighting,1.336
2026-09-19 07:00:00,Kitchen,3.548
2026-09-19 07:00:00,Laundry,0.559
2026-09-19 07:00:00,HVAC,2.006
2026-09-19 07:00:00,Process,0.593
2026-09-19 07:00:00,Lighting,1.473
2026-09-19 07:15:00,Kitchen,3.236
2026-09-19 07:15:00,Laundry,0.542
2026-09-19 07:15:00,HVAC,2.283
2026-09-19 07:15:00,Process,0.528
2026-09-19 07:15:00,Lighting,1.457
2026-09-19 07:30:00,Kitchen,3.386
2026-09-19 07:30:00,Laundry,0.474
2026-09-19 07:30:00,HVAC,1.950
2026-09-19 07:30:00,Process,0.474
2026-09-19 07:30:00,Lighting,1.216
2026-09-19 07:45:00,Kitchen,3.234
2026-09-19 07:45:00,Laundry,0.510
2026-09-19 07:45:00,HVAC,2.461
2026-09-19 07:45:00,Process,0.591
2026-09-19 07:45:00,Lighting,1.213
2026-09-19 08:00:00,Kitchen,2.927
2026-09-19 08:00:00,Laundry,2.049
2026-09-19 08:00:00,HVAC,1.942
2026-09-19 08:00:00,Process,1.277
2026-09-19 08:00:00,Lighting,1.175
2026-09-19 08:15:00,Kitchen,3.308
2026-09-19 08:15:00,Laundry,1.846
2026-09-19 08:15:00,HVAC,2.189
2026-09-19 08:15:00,Process,1.546
2026-09-19 08:15:00,Lighting,0.953
2026-09-19 08:30:00,Kitchen,3.843
2026-09-19 08:30:00,Laundry,1.842
2026-09-19 08:30:00,HVAC,2.267
2026-09-19 08:30:00,Process,1.452
2026-09-19 08:30:00,Lighting,1.130
2026-09-19 08:45:00,Kitchen,3.330
2026-09-19 08:45:00,Laundry,1.966
2026-09-19 08:45:00,HVAC,2.808
2026-09-19 08:45:00,Process,1.330
2026-09-19 08:45:00,Lighting,1.230
2026-09-19 09:00:00,Kitchen,3.159
2026-09-19 09:00:00,Laundry,1.655
2026-09-19 09:00:00,HVAC,3.200
2026-09-19 09:00:00,Process,1.439
2026-09-19 09:00:00,Lighting,1.222
2026-09-19 09:15:00,Kitchen,3.228
2026-09-19 09:15:00,Laundry,1.767
2026-09-19 09:15:00,HVAC,2.983
2026-09-19 09:15:00,Process,1.213
2026-09-19 09:15:00,Lighting,1.067
2026-09-19 09:30:00,Kitchen,1.071
2026-09-19 09:30:00,Laundry,1.662
2026-09-19 09:30:00,HVAC,3.212
2026-09-19 09:30:00,Process,1.488
2026-09-19 09:30:00,Lighting,1.162
2026-09-19 09:45:00,Kitchen,1.048
2026-09-19 09:45:00,Laundry,1.892
2026-09-19 09:45:00,HVAC,3.218
2026-09-19 09:45:00,Process,1.426
2026-09-19 09:45:00,Lighting,1.012
2026-09-19 10:00:00,Kitchen,1.084
2026-09-19 10:00:00,Laundry,1.837
2026-09-19 10:00:00,HVAC,3.861
2026-09-19 10:00:00,Process,1.474
2026-09-19 10:00:00,Lighting,0.994
2026-09-19 10:15:00,Kitchen,0.977
2026-09-19 10:15:00,Laundry,1.961
2026-09-19 10:15:00,HVAC,3.695
2026-09-19 10:15:00,Process,1.324
2026-09-19 10:15:00,Lighting,1.221
2026-09-19 10:30:00,Kitchen,1.174
2026-09-19 10:30:00,Laundry,1.655
2026-09-19 10:30:00,HVAC,4.691
2026-09-19 10:30:00,Process,1.261
2026-09-19 10:30:00,Lighting,0.958
2026-09-19 10:45:00,Kitchen,1.088
2026-09-19 10:45:00,Laundry,2.128
2026-09-19 10:45:00,HVAC,4.182
2026-09-19 10:45:00,Process,1.537
2026-09-19 10:45:00,Lighting,1.231
2026-09-19 11:00:00,Kitchen,1.036
2026-09-19 11:00:00,Laundry,1.911
2026-09-19 11:00:00,HVAC,4.226
2026-09-19 11:00:00,Process,1.275
2026-09-19 11:00:00,Lighting,1.002
2026-09-19 11:15:00,Kitchen,1.105
2026-09-19 11:15:00,Laundry,1.849
2026-09-19 11:15:00,HVAC,4.848
2026-09-19 11:15:00,Process,1.359
2026-09-19 11:15:00,Lighting,1.030
2026-09-19 11:30:00,Kitchen,1.060
2026-09-19 11:30:00,Laundry,1.793
2026-09-19 11:30:00,HVAC,4.296
2026-09-19 11:30:00,Process,1.220
2026-09-19 11:30:00,Lighting,1.195
2026-09-19 11:45:00,Kitchen,1.011
2026-09-19 11:45:00,Laundry,1.752
2026-09-19 11:45:00,HVAC,5.172
2026-09-19 11:45:00,Process,1.215
2026-09-19 11:45:00,Lighting,1.107
2026-09-19 12:00:00,Kitchen,5.557
2026-09-19 12:00:00,Laundry,0.511
2026-09-19 12:00:00,HVAC,5.370
2026-09-19 12:00:00,Process,1.593
2026-09-19 12:00:00,Lighting,1.227
2026-09-19 12:15:00,Kitchen,5.975
2026-09-19 12:15:00,Laundry,0.492
2026-09-19 12:15:00,HVAC,5.227
2026-09-19 12:15:00,Process,1.303
2026-09-19 12:15:00,Lighting,1.206
2026-09-19 12:30:00,Kitchen,5.903
2026-09-19 12:30:00,Laundry,0.485
2026-09-19 12:30:00,HVAC,5.799
2026-09-19 12:30:00,Process,1.273
2026-09-19 12:30:00,Lighting,1.070
2026-09-19 12:45:00,Kitchen,5.670
2026-09-19 12:45:00,Laundry,0.572
2026-09-19 12:45:00,HVAC,5.444
2026-09-19 12:45:00,Process,1.536
2026-09-19 12:45:00,Lighting,1.052
2026-09-19 13:00:00,Kitchen,5.124
2026-09-19 13:00:00,Laundry,0.463
2026-09-19 13:00:00,HVAC,4.727
2026-09-19 13:00:00,Process,1.350
2026-09-19 13:00:00,Lighting,0.973
2026-09-19 13:15:00,Kitchen,5.300
2026-09-19 13:15:00,Laundry,0.548
2026-09-19 13:15:00,HVAC,6.000
2026-09-19 13:15:00,Process,1.553
2026-09-19 13:15:00,Lighting,0.979
2026-09-19 13:30:00,Kitchen,5.266
2026-09-19 13:30:00,Laundry,0.542
2026-09-19 13:30:00,HVAC,5.446
2026-09-19 13:30:00,Process,1.501
2026-09-19 13:30:00,Lighting,1.155
2026-09-19 13:45:00,Kitchen,6.181
2026-09-19 13:45:00,Laundry,0.549
2026-09-19 13:45:00,HVAC,5.632
2026-09-19 13:45:00,Process,1.342
2026-09-19 13:45:00,Lighting,1.037
2026-09-19 14:00:00,Kitchen,5.425
2026-09-19 14:00:00,Laundry,1.605
2026-09-19 14:00:00,HVAC,5.642
2026-09-19 14:00:00,Process,0.609
2026-09-19 14:00:00,Lighting,1.190
2026-09-19 14:15:00,Kitchen,5.055
2026-09-19 14:15:00,Laundry,1.658
2026-09-19 14:15:00,HVAC,5.587
2026-09-19 14:15:00,Process,0.483
2026-09-19 14:15:00,Lighting,1.110
2026-09-19 14:30:00,Kitchen,1.135
2026-09-19 14:30:00,Laundry,1.704
2026-09-19 14:30:00,HVAC,5.932
2026-09-19 14:30:00,Process,0.605
2026-09-19 14:30:00,Lighting,1.179
2026-09-19 14:45:00,Kitchen,1.291
2026-09-19 14:45:00,Laundry,1.663
2026-09-19 14:45:00,HVAC,6.124
2026-09-19 14:45:00,Process,0.548
2026-09-19 14:45:00,Lighting,1.174
2026-09-19 15:00:00,Kitchen,1.125
2026-09-19 15:00:00,Laundry,1.645
2026-09-19 15:00:00,HVAC,5.482
2026-09-19 15:00:00,Process,0.577
2026-09-19 15:00:00,Lighting,1.125
2026-09-19 15:15:00,Kitchen,1.068
2026-09-19 15:15:00,Laundry,1.306
2026-09-19 15:15:00,HVAC,5.975
2026-09-19 15:15:00,Process,0.542
2026-09-19 15:15:00,Lighting,1.114
2026-09-19 15:30:00,Kitchen,1.013
2026-09-19 15:30:00,Laundry,1.704
2026-09-19 15:30:00,HVAC,5.696
2026-09-19 15:30:00,Process,0.600
2026-09-19 15:30:00,Lighting,1.063
2026-09-19 15:45:00,Kitchen,1.080
2026-09-19 15:45:00,Laundry,1.336
2026-09-19 15:45:00,HVAC,5.858
2026-09-19 15:45:00,Process,0.474
2026-09-19 15:45:00,Lighting,1.074
2026-09-19 16:00:00,Kitchen,0.983
2026-09-19 16:00:00,Laundry,1.514
2026-09-19 16:00:00,HVAC,4.817
2026-09-19 16:00:00,Process,0.530
2026-09-19 16:00:00,Lighting,1.183
2026-09-19 16:15:00,Kitchen,1.034
2026-09-19 16:15:00,Laundry,1.584
2026-09-19 16:15:00,HVAC,4.456
2026-09-19 16:15:00,Process,0.489
2026-09-19 16:15:00,Lighting,1.004
2026-09-19 16:30:00,Kitchen,1.023
2026-09-19 16:30:00,Laundry,1.515
2026-09-19 16:30:00,HVAC,4.457
2026-09-19 16:30:00,Process,0.515
2026-09-19 16:30:00,Lighting,0.951
2026-09-19 16:45:00,Kitchen,0.965
2026-09-19 16:45:00,Laundry,1.698
2026-09-19 16:45:00,HVAC,5.371
2026-09-19 16:45:00,Process,0.614
2026-09-19 16:45:00,Lighting,1.122
2026-09-19 17:00:00,Kitchen,0.972
2026-09-19 17:00:00,Laundry,1.421
2026-09-19 17:00:00,HVAC,5.039
2026-09-19 17:00:00,Process,0.589
2026-09-19 17:00:00,Lighting,1.021
2026-09-19 17:15:00,Kitchen,0.986
2026-09-19 17:15:00,Laundry,1.701
2026-09-19 17:15:00,HVAC,4.476
2026-09-19 17:15:00,Process,0.598
2026-09-19 17:15:00,Lighting,1.103
2026-09-19 17:30:00,Kitchen,0.935
2026-09-19 17:30:00,Laundry,0.467
2026-09-19 17:30:00,HVAC,4.294
2026-09-19 17:30:00,Process,0.528
2026-09-19 17:30:00,Lighting,1.215
2026-09-19 17:45:00,Kitchen,0.948
2026-09-19 17:45:00,Laundry,0.474
2026-09-19 17:45:00,HVAC,4.558
2026-09-19 17:45:00,Process,0.521
2026-09-19 17:45:00,Lighting,1.013
2026-09-19 18:00:00,Kitchen,1.091
2026-09-19 18:00:00,Laundry,0.551
2026-09-19 18:00:00,HVAC,3.452
2026-09-19 18:00:00,Process,0.542
2026-09-19 18:00:00,Lighting,2.650
2026-09-19 18:15:00,Kitchen,1.105
2026-09-19 18:15:00,Laundry,0.491
2026-09-19 18:15:00,HVAC,3.746
2026-09-19 18:15:00,Process,0.482
2026-09-19 18:15:00,Lighting,2.756
2026-09-19 18:30:00,Kitchen,1.107
2026-09-19 18:30:00,Laundry,0.558
2026-09-19 18:30:00,HVAC,3.395
2026-09-19 18:30:00,Process,0.625
2026-09-19 18:30:00,Lighting,2.478
2026-09-19 18:45:00,Kitchen,1.184
2026-09-19 18:45:00,Laundry,0.482
2026-09-19 18:45:00,HVAC,3.610
2026-09-19 18:45:00,Process,0.478
2026-09-19 18:45:00,Lighting,2.565
2026-09-19 19:00:00,Kitchen,6.083
2026-09-19 19:00:00,Laundry,0.526
2026-09-19 19:00:00,HVAC,3.402
2026-09-19 19:00:00,Process,0.507
2026-09-19 19:00:00,Lighting,2.248
2026-09-19 19:15:00,Kitchen,5.953
2026-09-19 19:15:00,Laundry,0.566
2026-09-19 19:15:00,HVAC,3.219
2026-09-19 19:15:00,Process,0.496
2026-09-19 19:15:00,Lighting,2.691
2026-09-19 19:30:00,Kitchen,5.250
2026-09-19 19:30:00,Laundry,0.489
2026-09-19 19:30:00,HVAC,2.854
2026-09-19 19:30:00,Process,0.474
2026-09-19 19:30:00,Lighting,2.312
2026-09-19 19:45:00,Kitchen,5.197
2026-09-19 19:45:00,Laundry,0.517
2026-09-19 19:45:00,HVAC,2.076
2026-09-19 19:45:00,Process,0.555
2026-09-19 19:45:00,Lighting,2.551
2026-09-19 20:00:00,Kitchen,5.658
2026-09-19 20:00:00,Laundry,0.197
2026-09-19 20:00:00,HVAC,2.275
2026-09-19 20:00:00,Process,0.573
2026-09-19 20:00:00,Lighting,2.509
2026-09-19 20:15:00,Kitchen,6.048
2026-09-19 20:15:00,Laundry,0.206
2026-09-19 20:15:00,HVAC,2.021
2026-09-19 20:15:00,Process,0.543
2026-09-19 20:15:00,Lighting,2.288
2026-09-19 20:30:00,Kitchen,4.930
2026-09-19 20:30:00,Laundry,0.190
2026-09-19 20:30:00,HVAC,2.307
2026-09-19 20:30:00,Process,0.488
2026-09-19 20:30:00,Lighting,2.753
2026-09-19 20:45:00,Kitchen,5.349
2026-09-19 20:45:00,Laundry,0.200
2026-09-19 20:45:00,HVAC,2.198
2026-09-19 20:45:00,Process,0.565
2026-09-19 20:45:00,Lighting,2.638
2026-09-19 21:00:00,Kitchen,5.309
2026-09-19 21:00:00,Laundry,0.190
2026-09-19 21:00:00,HVAC,2.365
2026-09-19 21:00:00,Process,0.572
2026-09-19 21:00:00,Lighting,2.443
2026-09-19 21:15:00,Kitchen,6.118
2026-09-19 21:15:00,Laundry,0.218
2026-09-19 21:15:00,HVAC,1.875
2026-09-19 21:15:00,Process,0.501
2026-09-19 21:15:00,Lighting,2.514
2026-09-19 21:30:00,Kitchen,1.093
2026-09-19 21:30:00,Laundry,0.178
2026-09-19 21:30:00,HVAC,1.973
2026-09-19 21:30:00,Process,0.499
2026-09-19 21:30:00,Lighting,2.262
2026-09-19 21:45:00,Kitchen,0.928
2026-09-19 21:45:00,Laundry,0.191
2026-09-19 21:45:00,HVAC,2.205
2026-09-19 21:45:00,Process,0.585
2026-09-19 21:45:00,Lighting,2.668
2026-09-19 22:00:00,Kitchen,0.469
2026-09-19 22:00:00,Laundry,0.225
2026-09-19 22:00:00,HVAC,1.482
2026-09-19 22:00:00,Process,0.523
2026-09-19 22:00:00,Lighting,2.120
2026-09-19 22:15:00,Kitchen,0.379
2026-09-19 22:15:00,Laundry,0.204
2026-09-19 22:15:00,HVAC,1.621
2026-09-19 22:15:00,Process,0.618
2026-09-19 22:15:00,Lighting,2.348
2026-09-19 22:30:00,Kitchen,0.434
2026-09-19 22:30:00,Laundry,0.197
2026-09-19 22:30:00,HVAC,1.523
2026-09-19 22:30:00,Process,0.530
2026-09-19 22:30:00,Lighting,2.265
2026-09-19 22:45:00,Kitchen,0.372
2026-09-19 22:45:00,Laundry,0.200
2026-09-19 22:45:00,HVAC,1.404
2026-09-19 22:45:00,Process,0.482
2026-09-19 22:45:00,Lighting,2.580
2026-09-19 23:00:00,Kitchen,0.445
2026-09-19 23:00:00,Laundry,0.193
2026-09-19 23:00:00,HVAC,1.413
2026-09-19 23:00:00,Process,0.480
2026-09-19 23:00:00,Lighting,0.362
2026-09-19 23:15:00,Kitchen,0.429
2026-09-19 23:15:00,Laundry,0.198
2026-09-19 23:15:00,HVAC,1.326
2026-09-19 23:15:00,Process,0.531
2026-09-19 23:15:00,Lighting,0.378
2026-09-19 23:30:00,Kitchen,0.454
2026-09-19 23:30:00,Laundry,0.195
2026-09-19 23:30:00,HVAC,1.282
2026-09-19 23:30:00,Process,0.568
2026-09-19 23:30:00,Lighting,0.369
2026-09-19 23:45:00,Kitchen,0.441
2026-09-19 23:45:00,Laundry,0.202
2026-09-19 23:45:00,HVAC,1.461
2026-09-19 23:45:00,Process,0.534
2026-09-19 23:45:00,Lighting,0.413
2026-09-20 00:00:00,Kitchen,0.379
2026-09-20 00:00:00,Laundry,0.199
2026-09-20 00:00:00,HVAC,1.446
2026-09-20 00:00:00,Process,0.487
2026-09-20 00:00:00,Lighting,0.371
2026-09-20 00:15:00,Kitchen,0.452
2026-09-20 00:15:00,Laundry,0.207
2026-09-20 00:15:00,HVAC,1.503
2026-09-20 00:15:00,Process,0.520
2026-09-20 00:15:00,Lighting,0.428
2026-09-20 00:30:00,Kitchen,0.470
2026-09-20 00:30:00,Laundry,0.211
2026-09-20 00:30:00,HVAC,1.445
2026-09-20 00:30:00,Process,0.546
2026-09-20 00:30:00,Lighting,0.385
2026-09-20 00:45:00,Kitchen,0.426
2026-09-20 00:45:00,Laundry,0.229
2026-09-20 00:45:00,HVAC,1.522
2026-09-20 00:45:00,Process,0.552
2026-09-20 00:45:00,Lighting,0.396
2026-09-20 01:00:00,Kitchen,0.373
2026-09-20 01:00:00,Laundry,0.214
2026-09-20 01:00:00,HVAC,1.357
2026-09-20 01:00:00,Process,0.502
2026-09-20 01:00:00,Lighting,0.426
2026-09-20 01:15:00,Kitchen,0.372
2026-09-20 01:15:00,Laundry,0.206
2026-09-20 01:15:00,HVAC,1.408
2026-09-20 01:15:00,Process,0.517
2026-09-20 01:15:00,Lighting,0.393
2026-09-20 01:30:00,Kitchen,0.414
2026-09-20 01:30:00,Laundry,0.177
2026-09-20 01:30:00,HVAC,1.497
2026-09-20 01:30:00,Process,0.506
2026-09-20 01:30:00,Lighting,0.359
2026-09-20 01:45:00,Kitchen,0.404
2026-09-20 01:45:00,Laundry,0.217
2026-09-20 01:45:00,HVAC,1.565
2026-09-20 01:45:00,Process,0.560
2026-09-20 01:45:00,Lighting,0.374
2026-09-20 02:00:00,Kitchen,0.427
2026-09-20 02:00:00,Laundry,0.209
2026-09-20 02:00:00,HVAC,1.370
2026-09-20 02:00:00,Process,0.531
2026-09-20 02:00:00,Lighting,0.409
2026-09-20 02:15:00,Kitchen,0.442
2026-09-20 02:15:00,Laundry,0.229
2026-09-20 02:15:00,HVAC,1.313
2026-09-20 02:15:00,Process,0.576
2026-09-20 02:15:00,Lighting,0.378
2026-09-20 02:30:00,Kitchen,0.451
2026-09-20 02:30:00,Laundry,0.174
2026-09-20 02:30:00,HVAC,1.572
2026-09-20 02:30:00,Process,0.548
2026-09-20 02:30:00,Lighting,0.384
2026-09-20 02:45:00,Kitchen,0.414
2026-09-20 02:45:00,Laundry,0.221
2026-09-20 02:45:00,HVAC,1.639
2026-09-20 02:45:00,Process,0.543
2026-09-20 02:45:00,Lighting,0.357
2026-09-20 03:00:00,Kitchen,0.474
2026-09-20 03:00:00,Laundry,0.190
2026-09-20 03:00:00,HVAC,1.541
2026-09-20 03:00:00,Process,0.622
2026-09-20 03:00:00,Lighting,0.360
2026-09-20 03:15:00,Kitchen,0.459
2026-09-20 03:15:00,Laundry,0.217
2026-09-20 03:15:00,HVAC,1.615
2026-09-20 03:15:00,Process,0.498
2026-09-20 03:15:00,Lighting,0.415
2026-09-20 03:30:00,Kitchen,0.472
2026-09-20 03:30:00,Laundry,0.180
2026-09-20 03:30:00,HVAC,1.607
2026-09-20 03:30:00,Process,0.494
2026-09-20 03:30:00,Lighting,0.365
2026-09-20 03:45:00,Kitchen,0.428
2026-09-20 03:45:00,Laundry,0.185
2026-09-20 03:45:00,HVAC,1.365
2026-09-20 03:45:00,Process,0.546
2026-09-20 03:45:00,Lighting,0.333
2026-09-20 04:00:00,Kitchen,0.388
2026-09-20 04:00:00,Laundry,0.188
2026-09-20 04:00:00,HVAC,1.461
2026-09-20 04:00:00,Process,0.509
2026-09-20 04:00:00,Lighting,0.419
2026-09-20 04:15:00,Kitchen,0.374
2026-09-20 04:15:00,Laundry,0.197
2026-09-20 04:15:00,HVAC,1.572
2026-09-20 04:15:00,Process,0.612
2026-09-20 04:15:00,Lighting,0.432
2026-09-20 04:30:00,Kitchen,0.392
2026-09-20 04:30:00,Laundry,0.179
2026-09-20 04:30:00,HVAC,1.305
2026-09-20 04:30:00,Process,0.609
2026-09-20 04:30:00,Lighting,0.341
2026-09-20 04:45:00,Kitchen,0.407
2026-09-20 04:45:00,Laundry,0.196
2026-09-20 04:45:00,HVAC,1.405
2026-09-20 04:45:00,Process,0.578
2026-09-20 04:45:00,Lighting,0.377
2026-09-20 05:00:00,Kitchen,0.422
2026-09-20 05:00:00,Laundry,0.222
2026-09-20 05:00:00,HVAC,1.239
2026-09-20 05:00:00,Process,0.626
2026-09-20 05:00:00,Lighting,0.344
2026-09-20 05:15:00,Kitchen,0.364
2026-09-20 05:15:00,Laundry,0.226
2026-09-20 05:15:00,HVAC,1.515
2026-09-20 05:15:00,Process,0.518
2026-09-20 05:15:00,Lighting,0.392
2026-09-20 05:30:00,Kitchen,0.385
2026-09-20 05:30:00,Laundry,0.191
2026-09-20 05:30:00,HVAC,1.348
2026-09-20 05:30:00,Process,0.583
2026-09-20 05:30:00,Lighting,0.406
2026-09-20 05:45:00,Kitchen,0.415
2026-09-20 05:45:00,Laundry,0.226
2026-09-20 05:45:00,HVAC,1.246
2026-09-20 05:45:00,Process,0.565
2026-09-20 05:45:00,Lighting,0.407
2026-09-20 06:00:00,Kitchen,1.109
2026-09-20 06:00:00,Laundry,0.511
2026-09-20 06:00:00,HVAC,2.345
2026-09-20 06:00:00,Process,0.625
2026-09-20 06:00:00,Lighting,1.162
2026-09-20 06:15:00,Kitchen,1.159
2026-09-20 06:15:00,Laundry,0.447
2026-09-20 06:15:00,HVAC,1.875
2026-09-20 06:15:00,Process,0.493
2026-09-20 06:15:00,Lighting,1.419
2026-09-20 06:30:00,Kitchen,1.134
2026-09-20 06:30:00,Laundry,0.538
2026-09-20 06:30:00,HVAC,2.158
2026-09-20 06:30:00,Process,0.581
2026-09-20 06:30:00,Lighting,1.412
2026-09-20 06:45:00,Kitchen,1.118
2026-09-20 06:45:00,Laundry,0.464
2026-09-20 06:45:00,HVAC,2.169
2026-09-20 06:45:00,Process,0.596
2026-09-20 06:45:00,Lighting,1.487
2026-09-20 07:00:00,Kitchen,3.043
2026-09-20 07:00:00,Laundry,0.551
2026-09-20 07:00:00,HVAC,2.383
2026-09-20 07:00:00,Process,0.522
2026-09-20 07:00:00,Lighting,1.377
2026-09-20 07:15:00,Kitchen,3.151
2026-09-20 07:15:00,Laundry,0.460
2026-09-20 07:15:00,HVAC,2.394
2026-09-20 07:15:00,Process,0.525
2026-09-20 07:15:00,Lighting,1.323
2026-09-20 07:30:00,Kitchen,3.824
2026-09-20 07:30:00,Laundry,0.527
2026-09-20 07:30:00,HVAC,1.913
2026-09-20 07:30:00,Process,0.482
2026-09-20 07:30:00,Lighting,1.353
2026-09-20 07:45:00,Kitchen,3.405
2026-09-20 07:45:00,Laundry,0.566
2026-09-20 07:45:00,HVAC,2.017
2026-09-20 07:45:00,Process,0.560
2026-09-20 07:45:00,Lighting,1.380
2026-09-20 08:00:00,Kitchen,3.561
2026-09-20 08:00:00,Laundry,1.955
2026-09-20 08:00:00,HVAC,2.242
2026-09-20 08:00:00,Process,1.285
2026-09-20 08:00:00,Lighting,1.073
2026-09-20 08:15:00,Kitchen,3.550
2026-09-20 08:15:00,Laundry,2.130
2026-09-20 08:15:00,HVAC,2.448
2026-09-20 08:15:00,Process,1.484
2026-09-20 08:15:00,Lighting,1.106
2026-09-20 08:30:00,Kitchen,3.563
2026-09-20 08:30:00,Laundry,1.668
2026-09-20 08:30:00,HVAC,2.786
2026-09-20 08:30:00,Process,1.365
2026-09-20 08:30:00,Lighting,1.019
2026-09-20 08:45:00,Kitchen,3.463
2026-09-20 08:45:00,Laundry,1.858
2026-09-20 08:45:00,HVAC,2.733
2026-09-20 08:45:00,Process,1.300
2026-09-20 08:45:00,Lighting,1.092
2026-09-20 09:00:00,Kitchen,3.682
2026-09-20 09:00:00,Laundry,1.701
2026-09-20 09:00:00,HVAC,3.241
2026-09-20 09:00:00,Process,1.326
2026-09-20 09:00:00,Lighting,1.084
2026-09-20 09:15:00,Kitchen,3.098
2026-09-20 09:15:00,Laundry,2.035
2026-09-20 09:15:00,HVAC,3.073
2026-09-20 09:15:00,Process,1.272
2026-09-20 09:15:00,Lighting,1.013
2026-09-20 09:30:00,Kitchen,1.121
2026-09-20 09:30:00,Laundry,1.934
2026-09-20 09:30:00,HVAC,3.100
2026-09-20 09:30:00,Process,1.559
2026-09-20 09:30:00,Lighting,0.941
2026-09-20 09:45:00,Kitchen,1.184
2026-09-20 09:45:00,Laundry,1.752
2026-09-20 09:45:00,HVAC,3.673
2026-09-20 09:45:00,Process,1.265
2026-09-20 09:45:00,Lighting,1.052
2026-09-20 10:00:00,Kitchen,0.935
2026-09-20 10:00:00,Laundry,1.850
2026-09-20 10:00:00,HVAC,4.130
2026-09-20 10:00:00,Process,1.397
2026-09-20 10:00:00,Lighting,1.112
2026-09-20 10:15:00,Kitchen,1.161
2026-09-20 10:15:00,Laundry,1.939
2026-09-20 10:15:00,HVAC,4.452
2026-09-20 10:15:00,Process,1.348
2026-09-20 10:15:00,Lighting,0.977
2026-09-20 10:30:00,Kitchen,0.940
2026-09-20 10:30:00,Laundry,2.034
2026-09-20 10:30:00,HVAC,3.649
2026-09-20 10:30:00,Process,1.214
2026-09-20 10:30:00,Lighting,1.019
2026-09-20 10:45:00,Kitchen,1.050
2026-09-20 10:45:00,Laundry,2.034
2026-09-20 10:45:00,HVAC,4.265
2026-09-20 10:45:00,Process,1.324
2026-09-20 10:45:00,Lighting,0.976
2026-09-20 11:00:00,Kitchen,1.149
2026-09-20 11:00:00,Laundry,1.679
2026-09-20 11:00:00,HVAC,3.958
2026-09-20 11:00:00,Process,1.332
2026-09-20 11:00:00,Lighting,0.966
2026-09-20 11:15:00,Kitchen,1.119
2026-09-20 11:15:00,Laundry,1.706
2026-09-20 11:15:00,HVAC,4.368
2026-09-20 11:15:00,Process,1.336
2026-09-20 11:15:00,Lighting,0.971
2026-09-20 11:30:00,Kitchen,1.067
2026-09-20 11:30:00,Laundry,1.612
2026-09-20 11:30:00,HVAC,5.297
2026-09-20 11:30:00,Process,1.518
2026-09-20 11:30:00,Lighting,1.091
2026-09-20 11:45:00,Kitchen,1.037
2026-09-20 11:45:00,Laundry,2.111
2026-09-20 11:45:00,HVAC,5.588
2026-09-20 11:45:00,Process,1.292
2026-09-20 11:45:00,Lighting,1.121
2026-09-20 12:00:00,Kitchen,5.895
2026-09-20 12:00:00,Laundry,0.471
2026-09-20 12:00:00,HVAC,4.994
2026-09-20 12:00:00,Process,1.395
2026-09-20 12:00:00,Lighting,0.941
2026-09-20 12:15:00,Kitchen,5.666
2026-09-20 12:15:00,Laundry,0.452
2026-09-20 12:15:00,HVAC,5.940
2026-09-20 12:15:00,Process,1.353
2026-09-20 12:15:00,Lighting,0.984
2026-09-20 12:30:00,Kitchen,6.012
2026-09-20 12:30:00,Laundry,0.519
2026-09-20 12:30:00,HVAC,5.751
2026-09-20 12:30:00,Process,1.365
2026-09-20 12:30:00,Lighting,1.138
2026-09-20 12:45:00,Kitchen,5.711
2026-09-20 12:45:00,Laundry,0.504
2026-09-20 12:45:00,HVAC,5.953
2026-09-20 12:45:00,Process,1.462
2026-09-20 12:45:00,Lighting,0.970
2026-09-20 13:00:00,Kitchen,4.756
2026-09-20 13:00:00,Laundry,0.539
2026-09-20 13:00:00,HVAC,5.772
2026-09-20 13:00:00,Process,1.235
2026-09-20 13:00:00,Lighting,0.933
2026-09-20 13:15:00,Kitchen,6.152
2026-09-20 13:15:00,Laundry,0.533
2026-09-20 13:15:00,HVAC,5.938
2026-09-20 13:15:00,Process,1.454
2026-09-20 13:15:00,Lighting,0.941
2026-09-20 13:30:00,Kitchen,5.740
2026-09-20 13:30:00,Laundry,0.538
2026-09-20 13:30:00,HVAC,5.905
2026-09-20 13:30:00,Process,1.483
2026-09-20 13:30:00,Lighting,0.944
2026-09-20 13:45:00,Kitchen,5.412
2026-09-20 13:45:00,Laundry,0.566
2026-09-20 13:45:00,HVAC,5.375
2026-09-20 13:45:00,Process,1.278
2026-09-20 13:45:00,Lighting,1.191
2026-09-20 14:00:00,Kitchen,5.126
2026-09-20 14:00:00,Laundry,1.685
2026-09-20 14:00:00,HVAC,5.852
2026-09-20 14:00:00,Process,0.583
2026-09-20 14:00:00,Lighting,1.224
2026-09-20 14:15:00,Kitchen,5.646
2026-09-20 14:15:00,Laundry,1.547
2026-09-20 14:15:00,HVAC,5.219
2026-09-20 14:15:00,Process,0.566
2026-09-20 14:15:00,Lighting,1.055
2026-09-20 14:30:00,Kitchen,1.102
2026-09-20 14:30:00,Laundry,1.319
2026-09-20 14:30:00,HVAC,5.581
2026-09-20 14:30:00,Process,0.492
2026-09-20 14:30:00,Lighting,1.052
2026-09-20 14:45:00,Kitchen,1.136
2026-09-20 14:45:00,Laundry,1.419
2026-09-20 14:45:00,HVAC,5.092
2026-09-20 14:45:00,Process,0.591
2026-09-20 14:45:00,Lighting,0.980
2026-09-20 15:00:00,Kitchen,1.162
2026-09-20 15:00:00,Laundry,1.587
2026-09-20 15:00:00,HVAC,5.723
2026-09-20 15:00:00,Process,0.538
2026-09-20 15:00:00,Lighting,1.058
2026-09-20 15:15:00,Kitchen,1.188
2026-09-20 15:15:00,Laundry,1.598
2026-09-20 15:15:00,HVAC,5.616
2026-09-20 15:15:00,Process,0.475
2026-09-20 15:15:00,Lighting,1.007
2026-09-20 15:30:00,Kitchen,1.125
2026-09-20 15:30:00,Laundry,1.574
2026-09-20 15:30:00,HVAC,5.413
2026-09-20 15:30:00,Process,0.566
2026-09-20 15:30:00,Lighting,1.183
2026-09-20 15:45:00,Kitchen,1.116
2026-09-20 15:45:00,Laundry,1.674
2026-09-20 15:45:00,HVAC,5.272
2026-09-20 15:45:00,Process,0.618
2026-09-20 15:45:00,Lighting,0.984
2026-09-20 16:00:00,Kitchen,1.038
2026-09-20 16:00:00,Laundry,1.400
2026-09-20 16:00:00,HVAC,4.518
2026-09-20 16:00:00,Process,0.508
2026-09-20 16:00:00,Lighting,1.066
2026-09-20 16:15:00,Kitchen,1.150
2026-09-20 16:15:00,Laundry,1.375
2026-09-20 16:15:00,HVAC,4.683
2026-09-20 16:15:00,Process,0.499
2026-09-20 16:15:00,Lighting,1.213
2026-09-20 16:30:00,Kitchen,1.152
2026-09-20 16:30:00,Laundry,1.587
2026-09-20 16:30:00,HVAC,5.431
2026-09-20 16:30:00,Process,0.620
2026-09-20 16:30:00,Lighting,1.117
2026-09-20 16:45:00,Kitchen,1.016
2026-09-20 16:45:00,Laundry,1.542
2026-09-20 16:45:00,HVAC,5.164
2026-09-20 16:45:00,Process,0.617
2026-09-20 16:45:00,Lighting,1.063
2026-09-20 17:00:00,Kitchen,0.911
2026-09-20 17:00:00,Laundry,1.642
2026-09-20 17:00:00,HVAC,4.361
2026-09-20 17:00:00,Process,0.502
2026-09-20 17:00:00,Lighting,1.201
2026-09-20 17:15:00,Kitchen,1.186
2026-09-20 17:15:00,Laundry,1.421
2026-09-20 17:15:00,HVAC,4.768
2026-09-20 17:15:00,Process,0.482
2026-09-20 17:15:00,Lighting,1.052
2026-09-20 17:30:00,Kitchen,0.943
2026-09-20 17:30:00,Laundry,0.569
2026-09-20 17:30:00,HVAC,4.270
2026-09-20 17:30:00,Process,0.562
2026-09-20 17:30:00,Lighting,1.142
2026-09-20 17:45:00,Kitchen,1.175
2026-09-20 17:45:00,Laundry,0.515
2026-09-20 17:45:00,HVAC,3.682
2026-09-20 17:45:00,Process,0.527
2026-09-20 17:45:00,Lighting,1.065
2026-09-20 18:00:00,Kitchen,1.097
2026-09-20 18:00:00,Laundry,0.460
2026-09-20 18:00:00,HVAC,3.479
2026-09-20 18:00:00,Process,0.534
2026-09-20 18:00:00,Lighting,2.618
2026-09-20 18:15:00,Kitchen,1.117
2026-09-20 18:15:00,Laundry,0.514
2026-09-20 18:15:00,HVAC,4.131
2026-09-20 18:15:00,Process,0.565
2026-09-20 18:15:00,Lighting,2.394
2026-09-20 18:30:00,Kitchen,0.991
2026-09-20 18:30:00,Laundry,0.562
2026-09-20 18:30:00,HVAC,2.997
2026-09-20 18:30:00,Process,0.517
2026-09-20 18:30:00,Lighting,2.418
2026-09-20 18:45:00,Kitchen,1.086
2026-09-20 18:45:00,Laundry,0.466
2026-09-20 18:45:00,HVAC,3.606
2026-09-20 18:45:00,Process,0.498
2026-09-20 18:45:00,Lighting,2.226
2026-09-20 19:00:00,Kitchen,4.916
2026-09-20 19:00:00,Laundry,0.450
2026-09-20 19:00:00,HVAC,2.677
2026-09-20 19:00:00,Process,0.576
2026-09-20 19:00:00,Lighting,2.770
2026-09-20 19:15:00,Kitchen,4.876
2026-09-20 19:15:00,Laundry,0.504
2026-09-20 19:15:00,HVAC,3.093
2026-09-20 19:15:00,Process,0.609
2026-09-20 19:15:00,Lighting,2.496
2026-09-20 19:30:00,Kitchen,5.887
2026-09-20 19:30:00,Laundry,0.471
2026-09-20 19:30:00,HVAC,2.580
2026-09-20 19:30:00,Process,0.552
2026-09-20 19:30:00,Lighting,2.584
2026-09-20 19:45:00,Kitchen,5.872
2026-09-20 19:45:00,Laundry,0.443
2026-09-20 19:45:00,HVAC,2.617
2026-09-20 19:45:00,Process,0.513
2026-09-20 19:45:00,Lighting,2.441
2026-09-20 20:00:00,Kitchen,6.063
2026-09-20 20:00:00,Laundry,0.226
2026-09-20 20:00:00,HVAC,2.462
2026-09-20 20:00:00,Process,0.610
2026-09-20 20:00:00,Lighting,2.152
2026-09-20 20:15:00,Kitchen,46.800
2026-09-20 20:15:00,Laundry,0.207
2026-09-20 20:15:00,HVAC,2.053
2026-09-20 20:15:00,Process,0.608
2026-09-20 20:15:00,Lighting,2.748
2026-09-20 20:30:00,Kitchen,5.402
2026-09-20 20:30:00,Laundry,0.208
2026-09-20 20:30:00,HVAC,2.215
2026-09-20 20:30:00,Process,0.592
2026-09-20 20:30:00,Lighting,2.127
2026-09-20 20:45:00,Kitchen,4.658
2026-09-20 20:45:00,Laundry,0.207
2026-09-20 20:45:00,HVAC,2.012
2026-09-20 20:45:00,Process,0.542
2026-09-20 20:45:00,Lighting,2.544
2026-09-20 21:00:00,Kitchen,5.088
2026-09-20 21:00:00,Laundry,0.228
2026-09-20 21:00:00,HVAC,2.451
2026-09-20 21:00:00,Process,0.548
2026-09-20 21:00:00,Lighting,2.638
2026-09-20 21:15:00,Kitchen,6.020
2026-09-20 21:15:00,Laundry,0.219
2026-09-20 21:15:00,HVAC,2.004
2026-09-20 21:15:00,Process,0.526
2026-09-20 21:15:00,Lighting,2.582
2026-09-20 21:30:00,Kitchen,1.109
2026-09-20 21:30:00,Laundry,0.179
2026-09-20 21:30:00,HVAC,1.963
2026-09-20 21:30:00,Process,0.539
2026-09-20 21:30:00,Lighting,2.128
2026-09-20 21:45:00,Kitchen,1.125
2026-09-20 21:45:00,Laundry,0.198
2026-09-20 21:45:00,HVAC,2.106
2026-09-20 21:45:00,Process,0.491
2026-09-20 21:45:00,Lighting,2.219
2026-09-20 22:00:00,Kitchen,0.427
2026-09-20 22:00:00,Laundry,0.222
2026-09-20 22:00:00,HVAC,1.476
2026-09-20 22:00:00,Process,0.510
2026-09-20 22:00:00,Lighting,2.396
2026-09-20 22:15:00,Kitchen,0.417
2026-09-20 22:15:00,Laundry,0.225
2026-09-20 22:15:00,HVAC,1.283
2026-09-20 22:15:00,Process,0.580
2026-09-20 22:15:00,Lighting,2.750
2026-09-20 22:30:00,Kitchen,0.379
2026-09-20 22:30:00,Laundry,0.183
2026-09-20 22:30:00,HVAC,1.532
2026-09-20 22:30:00,Process,0.623
2026-09-20 22:30:00,Lighting,2.593
2026-09-20 22:45:00,Kitchen,0.370
2026-09-20 22:45:00,Laundry,0.184
2026-09-20 22:45:00,HVAC,1.386
2026-09-20 22:45:00,Process,0.577
2026-09-20 22:45:00,Lighting,2.532
2026-09-20 23:00:00,Kitchen,0.408
2026-09-20 23:00:00,Laundry,0.196
2026-09-20 23:00:00,HVAC,1.316
2026-09-20 23:00:00,Process,0.587
2026-09-20 23:00:00,Lighting,0.341
2026-09-20 23:15:00,Kitchen,0.467
2026-09-20 23:15:00,Laundry,0.212
2026-09-20 23:15:00,HVAC,1.603
2026-09-20 23:15:00,Process,0.505
2026-09-20 23:15:00,Lighting,0.422
2026-09-20 23:30:00,Kitchen,0.458
2026-09-20 23:30:00,Laundry,0.216
2026-09-20 23:30:00,HVAC,1.555
2026-09-20 23:30:00,Process,0.524
2026-09-20 23:30:00,Lighting,0.345
2026-09-20 23:45:00,Kitchen,0.429
2026-09-20 23:45:00,Laundry,0.199
2026-09-20 23:45:00,HVAC,1.586
2026-09-20 23:45:00,Process,0.605
2026-09-20 23:45:00,Lighting,0.342
2026-09-21 00:00:00,Kitchen,0.444
2026-09-21 00:00:00,Laundry,0.287
2026-09-21 00:00:00,HVAC,1.654
2026-09-21 00:00:00,Process,1.199
2026-09-21 00:00:00,Lighting,0.346
2026-09-21 00:15:00,Kitchen,0.448
2026-09-21 00:15:00,Laundry,0.249
2026-09-21 00:15:00,HVAC,1.624
2026-09-21 00:15:00,Process,0.982
2026-09-21 00:15:00,Lighting,0.417
2026-09-21 00:30:00,Kitchen,0.449
2026-09-21 00:30:00,Laundry,0.299
2026-09-21 00:30:00,HVAC,1.691
2026-09-21 00:30:00,Process,1.209
2026-09-21 00:30:00,Lighting,0.357
2026-09-21 00:45:00,Kitchen,0.469
2026-09-21 00:45:00,Laundry,0.267
2026-09-21 00:45:00,HVAC,1.556
2026-09-21 00:45:00,Process,0.997
2026-09-21 00:45:00,Lighting,0.394
2026-09-21 01:00:00,Kitchen,0.465
2026-09-21 01:00:00,Laundry,0.286
2026-09-21 01:00:00,HVAC,1.393
2026-09-21 01:00:00,Process,1.113
2026-09-21 01:00:00,Lighting,0.420
2026-09-21 01:15:00,Kitchen,0.392
2026-09-21 01:15:00,Laundry,0.315
2026-09-21 01:15:00,HVAC,1.506
2026-09-21 01:15:00,Process,1.187
2026-09-21 01:15:00,Lighting,0.336
2026-09-21 01:30:00,Kitchen,0.397
2026-09-21 01:30:00,Laundry,0.251
2026-09-21 01:30:00,HVAC,1.521
2026-09-21 01:30:00,Process,1.252
2026-09-21 01:30:00,Lighting,0.328
2026-09-21 01:45:00,Kitchen,0.433
2026-09-21 01:45:00,Laundry,0.317
2026-09-21 01:45:00,HVAC,1.418
2026-09-21 01:45:00,Process,1.050
2026-09-21 01:45:00,Lighting,0.359
2026-09-21 02:00:00,Kitchen,0.400
2026-09-21 02:00:00,Laundry,0.285
2026-09-21 02:00:00,HVAC,1.792
2026-09-21 02:00:00,Process,1.251
2026-09-21 02:00:00,Lighting,0.360
2026-09-21 02:15:00,Kitchen,0.376
2026-09-21 02:15:00,Laundry,0.307
2026-09-21 02:15:00,HVAC,1.388
2026-09-21 02:15:00,Process,1.247
2026-09-21 02:15:00,Lighting,0.431
2026-09-21 02:30:00,Kitchen,0.388
2026-09-21 02:30:00,Laundry,0.242
2026-09-21 02:30:00,HVAC,1.715
2026-09-21 02:30:00,Process,1.221
2026-09-21 02:30:00,Lighting,0.411
2026-09-21 02:45:00,Kitchen,0.464
2026-09-21 02:45:00,Laundry,0.260
2026-09-21 02:45:00,HVAC,1.573
2026-09-21 02:45:00,Process,1.083
2026-09-21 02:45:00,Lighting,0.381
2026-09-21 03:00:00,Kitchen,0.381
2026-09-21 03:00:00,Laundry,0.278
2026-09-21 03:00:00,HVAC,1.685
2026-09-21 03:00:00,Process,1.200
2026-09-21 03:00:00,Lighting,0.412
2026-09-21 03:15:00,Kitchen,0.463
2026-09-21 03:15:00,Laundry,0.309
2026-09-21 03:15:00,HVAC,1.612
2026-09-21 03:15:00,Process,1.006
2026-09-21 03:15:00,Lighting,0.331
2026-09-21 03:30:00,Kitchen,0.390
2026-09-21 03:30:00,Laundry,0.282
2026-09-21 03:30:00,HVAC,1.808
2026-09-21 03:30:00,Process,1.212
2026-09-21 03:30:00,Lighting,0.367
2026-09-21 03:45:00,Kitchen,0.438
2026-09-21 03:45:00,Laundry,0.289
2026-09-21 03:45:00,HVAC,1.689
2026-09-21 03:45:00,Process,1.131
2026-09-21 03:45:00,Lighting,0.391
2026-09-21 04:00:00,Kitchen,0.464
2026-09-21 04:00:00,Laundry,0.316
2026-09-21 04:00:00,HVAC,1.806
2026-09-21 04:00:00,Process,0.993
2026-09-21 04:00:00,Lighting,0.397
2026-09-21 04:15:00,Kitchen,0.458
2026-09-21 04:15:00,Laundry,0.269
2026-09-21 04:15:00,HVAC,1.652
2026-09-21 04:15:00,Process,1.149
2026-09-21 04:15:00,Lighting,0.407
2026-09-21 04:30:00,Kitchen,0.457
2026-09-21 04:30:00,Laundry,0.283
2026-09-21 04:30:00,HVAC,1.603
2026-09-21 04:30:00,Process,1.115
2026-09-21 04:30:00,Lighting,0.416
2026-09-21 04:45:00,Kitchen,0.446
2026-09-21 04:45:00,Laundry,0.318
2026-09-21 04:45:00,HVAC,1.489
2026-09-21 04:45:00,Process,0.986
2026-09-21 04:45:00,Lighting,0.401
2026-09-21 05:00:00,Kitchen,0.386
2026-09-21 05:00:00,Laundry,0.262
2026-09-21 05:00:00,HVAC,1.633
2026-09-21 05:00:00,Process,1.246
2026-09-21 05:00:00,Lighting,0.408
2026-09-21 05:15:00,Kitchen,0.402
2026-09-21 05:15:00,Laundry,0.274
2026-09-21 05:15:00,HVAC,1.408
2026-09-21 05:15:00,Process,1.252
2026-09-21 05:15:00,Lighting,0.427
2026-09-21 05:30:00,Kitchen,0.460
2026-09-21 05:30:00,Laundry,0.254
2026-09-21 05:30:00,HVAC,1.796
2026-09-21 05:30:00,Process,1.246
2026-09-21 05:30:00,Lighting,0.415
2026-09-21 05:45:00,Kitchen,0.380
2026-09-21 05:45:00,Laundry,0.296
2026-09-21 05:45:00,HVAC,1.619
2026-09-21 05:45:00,Process,1.174
2026-09-21 05:45:00,Lighting,0.430
2026-09-21 06:00:00,Kitchen,1.167
2026-09-21 06:00:00,Laundry,0.640
2026-09-21 06:00:00,HVAC,2.322
2026-09-21 06:00:00,Process,3.993
2026-09-21 06:00:00,Lighting,1.261
2026-09-21 06:15:00,Kitchen,1.099
2026-09-21 06:15:00,Laundry,0.778
2026-09-21 06:15:00,HVAC,2.200
2026-09-21 06:15:00,Process,4.483
2026-09-21 06:15:00,Lighting,1.492
2026-09-21 06:30:00,Kitchen,1.003
2026-09-21 06:30:00,Laundry,0.716
2026-09-21 06:30:00,HVAC,2.388
2026-09-21 06:30:00,Process,3.854
2026-09-21 06:30:00,Lighting,1.246
2026-09-21 06:45:00,Kitchen,0.951
2026-09-21 06:45:00,Laundry,0.691
2026-09-21 06:45:00,HVAC,2.605
2026-09-21 06:45:00,Process,4.745
2026-09-21 06:45:00,Lighting,1.198
2026-09-21 07:00:00,Kitchen,3.690
2026-09-21 07:00:00,Laundry,0.764
2026-09-21 07:00:00,HVAC,2.477
2026-09-21 07:00:00,Process,4.667
2026-09-21 07:00:00,Lighting,1.362
2026-09-21 07:15:00,Kitchen,3.388
2026-09-21 07:15:00,Laundry,0.747
2026-09-21 07:15:00,HVAC,2.460
2026-09-21 07:15:00,Process,4.211
2026-09-21 07:15:00,Lighting,1.285
2026-09-21 07:30:00,Kitchen,3.484
2026-09-21 07:30:00,Laundry,0.750
2026-09-21 07:30:00,HVAC,2.500
2026-09-21 07:30:00,Process,4.410
2026-09-21 07:30:00,Lighting,1.272
2026-09-21 07:45:00,Kitchen,3.252
2026-09-21 07:45:00,Laundry,0.686
2026-09-21 07:45:00,HVAC,2.073
2026-09-21 07:45:00,Process,3.994
2026-09-21 07:45:00,Lighting,1.383
2026-09-21 08:00:00,Kitchen,3.815
2026-09-21 08:00:00,Laundry,2.247
2026-09-21 08:00:00,HVAC,2.091
2026-09-21 08:00:00,Process,7.796
2026-09-21 08:00:00,Lighting,1.246
2026-09-21 08:15:00,Kitchen,3.021
2026-09-21 08:15:00,Laundry,2.719
2026-09-21 08:15:00,HVAC,2.769
2026-09-21 08:15:00,Process,8.555
2026-09-21 08:15:00,Lighting,1.487
2026-09-21 08:30:00,Kitchen,3.412
2026-09-21 08:30:00,Laundry,2.419
2026-09-21 08:30:00,HVAC,2.626
2026-09-21 08:30:00,Process,8.410
2026-09-21 08:30:00,Lighting,1.303
2026-09-21 08:45:00,Kitchen,3.363
2026-09-21 08:45:00,Laundry,2.386
2026-09-21 08:45:00,HVAC,2.971
2026-09-21 08:45:00,Process,8.046
2026-09-21 08:45:00,Lighting,1.486
2026-09-21 09:00:00,Kitchen,3.696
2026-09-21 09:00:00,Laundry,2.666
2026-09-21 09:00:00,HVAC,3.510
2026-09-21 09:00:00,Process,7.921
2026-09-21 09:00:00,Lighting,1.529
2026-09-21 09:15:00,Kitchen,2.938
2026-09-21 09:15:00,Laundry,2.553
2026-09-21 09:15:00,HVAC,3.139
2026-09-21 09:15:00,Process,7.995
2026-09-21 09:15:00,Lighting,1.529
2026-09-21 09:30:00,Kitchen,1.085
2026-09-21 09:30:00,Laundry,2.523
2026-09-21 09:30:00,HVAC,4.130
2026-09-21 09:30:00,Process,7.107
2026-09-21 09:30:00,Lighting,1.225
2026-09-21 09:45:00,Kitchen,1.016
2026-09-21 09:45:00,Laundry,2.775
2026-09-21 09:45:00,HVAC,3.620
2026-09-21 09:45:00,Process,8.192
2026-09-21 09:45:00,Lighting,1.400
2026-09-21 10:00:00,Kitchen,0.969
2026-09-21 10:00:00,Laundry,2.380
2026-09-21 10:00:00,HVAC,3.925
2026-09-21 10:00:00,Process,7.501
2026-09-21 10:00:00,Lighting,1.190
2026-09-21 10:15:00,Kitchen,1.038
2026-09-21 10:15:00,Laundry,2.921
2026-09-21 10:15:00,HVAC,4.784
2026-09-21 10:15:00,Process,7.688
2026-09-21 10:15:00,Lighting,1.520
2026-09-21 10:30:00,Kitchen,0.962
2026-09-21 10:30:00,Laundry,2.756
2026-09-21 10:30:00,HVAC,4.838
2026-09-21 10:30:00,Process,7.885
2026-09-21 10:30:00,Lighting,1.495
2026-09-21 10:45:00,Kitchen,1.084
2026-09-21 10:45:00,Laundry,2.790
2026-09-21 10:45:00,HVAC,5.004
2026-09-21 10:45:00,Process,7.968
2026-09-21 10:45:00,Lighting,1.404
2026-09-21 11:00:00,Kitchen,1.133
2026-09-21 11:00:00,Laundry,2.715
2026-09-21 11:00:00,HVAC,5.035
2026-09-21 11:00:00,Process,7.587
2026-09-21 11:00:00,Lighting,1.374
2026-09-21 11:15:00,Kitchen,0.921
2026-09-21 11:15:00,Laundry,2.924
2026-09-21 11:15:00,HVAC,4.890
2026-09-21 11:15:00,Process,8.829
2026-09-21 11:15:00,Lighting,1.364
2026-09-21 11:30:00,Kitchen,1.089
2026-09-21 11:30:00,Laundry,2.255
2026-09-21 11:30:00,HVAC,5.382
2026-09-21 11:30:00,Process,8.556
2026-09-21 11:30:00,Lighting,1.530
2026-09-21 11:45:00,Kitchen,1.009
2026-09-21 11:45:00,Laundry,2.275
2026-09-21 11:45:00,HVAC,5.631
2026-09-21 11:45:00,Process,7.910
2026-09-21 11:45:00,Lighting,1.220
2026-09-21 12:00:00,Kitchen,3.993
2026-09-21 12:00:00,Laundry,0.694
2026-09-21 12:00:00,HVAC,6.049
2026-09-21 12:00:00,Process,7.247
2026-09-21 12:00:00,Lighting,1.528
2026-09-21 12:15:00,Kitchen,4.874
2026-09-21 12:15:00,Laundry,0.609
2026-09-21 12:15:00,HVAC,5.557
2026-09-21 12:15:00,Process,8.202
2026-09-21 12:15:00,Lighting,1.421
2026-09-21 12:30:00,Kitchen,4.692
2026-09-21 12:30:00,Laundry,0.731
2026-09-21 12:30:00,HVAC,6.067
2026-09-21 12:30:00,Process,6.839
2026-09-21 12:30:00,Lighting,1.180
2026-09-21 12:45:00,Kitchen,3.960
2026-09-21 12:45:00,Laundry,0.620
2026-09-21 12:45:00,HVAC,5.737
2026-09-21 12:45:00,Process,7.140
2026-09-21 12:45:00,Lighting,1.432
2026-09-21 13:00:00,Kitchen,5.031
2026-09-21 13:00:00,Laundry,0.763
2026-09-21 13:00:00,HVAC,6.338
2026-09-21 13:00:00,Process,7.177
2026-09-21 13:00:00,Lighting,1.238
2026-09-21 13:15:00,Kitchen,3.964
2026-09-21 13:15:00,Laundry,0.649
2026-09-21 13:15:00,HVAC,6.368
2026-09-21 13:15:00,Process,7.137
2026-09-21 13:15:00,Lighting,1.176
2026-09-21 13:30:00,Kitchen,5.158
2026-09-21 13:30:00,Laundry,0.703
2026-09-21 13:30:00,HVAC,6.565
2026-09-21 13:30:00,Process,7.713
2026-09-21 13:30:00,Lighting,1.490
2026-09-21 13:45:00,Kitchen,4.451
2026-09-21 13:45:00,Laundry,0.609
2026-09-21 13:45:00,HVAC,6.883
2026-09-21 13:45:00,Process,8.159
2026-09-21 13:45:00,Lighting,1.290
2026-09-21 14:00:00,Kitchen,5.006
2026-09-21 14:00:00,Laundry,1.895
2026-09-21 14:00:00,HVAC,5.922
2026-09-21 14:00:00,Process,8.294
2026-09-21 14:00:00,Lighting,1.361
2026-09-21 14:15:00,Kitchen,4.603
2026-09-21 14:15:00,Laundry,2.245
2026-09-21 14:15:00,HVAC,5.344
2026-09-21 14:15:00,Process,8.362
2026-09-21 14:15:00,Lighting,1.181
2026-09-21 14:30:00,Kitchen,1.190
2026-09-21 14:30:00,Laundry,2.006
2026-09-21 14:30:00,HVAC,6.545
2026-09-21 14:30:00,Process,8.373
2026-09-21 14:30:00,Lighting,1.475
2026-09-21 14:45:00,Kitchen,0.922
2026-09-21 14:45:00,Laundry,2.085
2026-09-21 14:45:00,HVAC,6.280
2026-09-21 14:45:00,Process,8.685
2026-09-21 14:45:00,Lighting,1.396
2026-09-21 15:00:00,Kitchen,0.951
2026-09-21 15:00:00,Laundry,1.987
2026-09-21 15:00:00,HVAC,5.694
2026-09-21 15:00:00,Process,7.065
2026-09-21 15:00:00,Lighting,1.260
2026-09-21 15:15:00,Kitchen,1.001
2026-09-21 15:15:00,Laundry,2.093
2026-09-21 15:15:00,HVAC,5.605
2026-09-21 15:15:00,Process,6.891
2026-09-21 15:15:00,Lighting,1.217
2026-09-21 15:30:00,Kitchen,1.070
2026-09-21 15:30:00,Laundry,2.190
2026-09-21 15:30:00,HVAC,5.270
2026-09-21 15:30:00,Process,8.519
2026-09-21 15:30:00,Lighting,1.198
2026-09-21 15:45:00,Kitchen,1.185
2026-09-21 15:45:00,Laundry,2.110
2026-09-21 15:45:00,HVAC,5.456
2026-09-21 15:45:00,Process,6.913
2026-09-21 15:45:00,Lighting,1.427
2026-09-21 16:00:00,Kitchen,1.132
2026-09-21 16:00:00,Laundry,2.354
2026-09-21 16:00:00,HVAC,6.367
2026-09-21 16:00:00,Process,8.185
2026-09-21 16:00:00,Lighting,1.219
2026-09-21 16:15:00,Kitchen,1.037
2026-09-21 16:15:00,Laundry,2.075
2026-09-21 16:15:00,HVAC,5.763
2026-09-21 16:15:00,Process,6.935
2026-09-21 16:15:00,Lighting,1.304
2026-09-21 16:30:00,Kitchen,1.113
2026-09-21 16:30:00,Laundry,1.950
2026-09-21 16:30:00,HVAC,5.160
2026-09-21 16:30:00,Process,8.249
2026-09-21 16:30:00,Lighting,1.431
2026-09-21 16:45:00,Kitchen,0.989
2026-09-21 16:45:00,Laundry,2.217
2026-09-21 16:45:00,HVAC,5.112
2026-09-21 16:45:00,Process,7.725
2026-09-21 16:45:00,Lighting,1.381
2026-09-21 17:00:00,Kitchen,1.144
2026-09-21 17:00:00,Laundry,1.946
2026-09-21 17:00:00,HVAC,5.163
2026-09-21 17:00:00,Process,7.150
2026-09-21 17:00:00,Lighting,1.413
2026-09-21 17:15:00,Kitchen,0.941
2026-09-21 17:15:00,Laundry,2.033
2026-09-21 17:15:00,HVAC,5.318
2026-09-21 17:15:00,Process,6.932
2026-09-21 17:15:00,Lighting,1.195
2026-09-21 17:30:00,Kitchen,0.967
2026-09-21 17:30:00,Laundry,0.626
2026-09-21 17:30:00,HVAC,5.123
2026-09-21 17:30:00,Process,6.939
2026-09-21 17:30:00,Lighting,1.482
2026-09-21 17:45:00,Kitchen,1.118
2026-09-21 17:45:00,Laundry,0.719
2026-09-21 17:45:00,HVAC,4.158
2026-09-21 17:45:00,Process,6.929
2026-09-21 17:45:00,Lighting,1.533
2026-09-21 18:00:00,Kitchen,1.153
2026-09-21 18:00:00,Laundry,0.751
2026-09-21 18:00:00,HVAC,4.641
2026-09-21 18:00:00,Process,3.702
2026-09-21 18:00:00,Lighting,2.649
2026-09-21 18:15:00,Kitchen,1.188
2026-09-21 18:15:00,Laundry,0.647
2026-09-21 18:15:00,HVAC,4.152
2026-09-21 18:15:00,Process,4.108
2026-09-21 18:15:00,Lighting,2.255
2026-09-21 18:30:00,Kitchen,1.045
2026-09-21 18:30:00,Laundry,0.649
2026-09-21 18:30:00,HVAC,3.877
2026-09-21 18:30:00,Process,3.931
2026-09-21 18:30:00,Lighting,2.466
2026-09-21 18:45:00,Kitchen,0.960
2026-09-21 18:45:00,Laundry,0.662
2026-09-21 18:45:00,HVAC,3.839
2026-09-21 18:45:00,Process,3.656
2026-09-21 18:45:00,Lighting,2.244
2026-09-21 19:00:00,Kitchen,5.629
2026-09-21 19:00:00,Laundry,0.789
2026-09-21 19:00:00,HVAC,3.730
2026-09-21 19:00:00,Process,4.158
2026-09-21 19:00:00,Lighting,2.624
2026-09-21 19:15:00,Kitchen,5.987
2026-09-21 19:15:00,Laundry,0.765
2026-09-21 19:15:00,HVAC,3.017
2026-09-21 19:15:00,Process,4.087
2026-09-21 19:15:00,Lighting,2.198
2026-09-21 19:30:00,Kitchen,5.734
2026-09-21 19:30:00,Laundry,0.792
2026-09-21 19:30:00,HVAC,2.548
2026-09-21 19:30:00,Process,4.554
2026-09-21 19:30:00,Lighting,2.295
2026-09-21 19:45:00,Kitchen,5.976
2026-09-21 19:45:00,Laundry,0.752
2026-09-21 19:45:00,HVAC,2.456
2026-09-21 19:45:00,Process,4.679
2026-09-21 19:45:00,Lighting,2.620
2026-09-21 20:00:00,Kitchen,5.482
2026-09-21 20:00:00,Laundry,0.280
2026-09-21 20:00:00,HVAC,2.369
2026-09-21 20:00:00,Process,3.825
2026-09-21 20:00:00,Lighting,2.398
2026-09-21 20:15:00,Kitchen,5.222
2026-09-21 20:15:00,Laundry,0.272
2026-09-21 20:15:00,HVAC,2.688
2026-09-21 20:15:00,Process,4.597
2026-09-21 20:15:00,Lighting,2.616
2026-09-21 20:30:00,Kitchen,5.999
2026-09-21 20:30:00,Laundry,0.261
2026-09-21 20:30:00,HVAC,2.620
2026-09-21 20:30:00,Process,4.453
2026-09-21 20:30:00,Lighting,2.559
2026-09-21 20:45:00,Kitchen,5.985
2026-09-21 20:45:00,Laundry,0.258
2026-09-21 20:45:00,HVAC,2.731
2026-09-21 20:45:00,Process,4.307
2026-09-21 20:45:00,Lighting,2.255
2026-09-21 21:00:00,Kitchen,5.570
2026-09-21 21:00:00,Laundry,0.242
2026-09-21 21:00:00,HVAC,2.456
2026-09-21 21:00:00,Process,4.432
2026-09-21 21:00:00,Lighting,2.628
2026-09-21 21:15:00,Kitchen,4.747
2026-09-21 21:15:00,Laundry,0.299
2026-09-21 21:15:00,HVAC,2.721
2026-09-21 21:15:00,Process,4.609
2026-09-21 21:15:00,Lighting,2.704
2026-09-21 21:30:00,Kitchen,1.094
2026-09-21 21:30:00,Laundry,0.290
2026-09-21 21:30:00,HVAC,2.452
2026-09-21 21:30:00,Process,4.359
2026-09-21 21:30:00,Lighting,2.173
2026-09-21 21:45:00,Kitchen,1.024
2026-09-21 21:45:00,Laundry,0.300
2026-09-21 21:45:00,HVAC,2.405
2026-09-21 21:45:00,Process,4.291
2026-09-21 21:45:00,Lighting,2.484
2026-09-21 22:00:00,Kitchen,0.380
2026-09-21 22:00:00,Laundry,0.307
2026-09-21 22:00:00,HVAC,1.715
2026-09-21 22:00:00,Process,1.229
2026-09-21 22:00:00,Lighting,2.772
2026-09-21 22:15:00,Kitchen,0.368
2026-09-21 22:15:00,Laundry,0.281
2026-09-21 22:15:00,HVAC,1.710
2026-09-21 22:15:00,Process,1.230
2026-09-21 22:15:00,Lighting,2.246
2026-09-21 22:30:00,Kitchen,0.384
2026-09-21 22:30:00,Laundry,0.310
2026-09-21 22:30:00,HVAC,1.564
2026-09-21 22:30:00,Process,1.078
2026-09-21 22:30:00,Lighting,2.346
2026-09-21 22:45:00,Kitchen,0.433
2026-09-21 22:45:00,Laundry,0.284
2026-09-21 22:45:00,HVAC,1.428
2026-09-21 22:45:00,Process,0.952
2026-09-21 22:45:00,Lighting,2.174
2026-09-21 23:00:00,Kitchen,0.434
2026-09-21 23:00:00,Laundry,0.278
2026-09-21 23:00:00,HVAC,1.812
2026-09-21 23:00:00,Process,1.019
2026-09-21 23:00:00,Lighting,0.372
2026-09-21 23:15:00,Kitchen,0.471
2026-09-21 23:15:00,Laundry,0.282
2026-09-21 23:15:00,HVAC,1.544
2026-09-21 23:15:00,Process,1.054
2026-09-21 23:15:00,Lighting,0.380
2026-09-21 23:30:00,Kitchen,0.451
2026-09-21 23:30:00,Laundry,0.248
2026-09-21 23:30:00,HVAC,1.467
2026-09-21 23:30:00,Process,1.010
2026-09-21 23:30:00,Lighting,0.380
2026-09-21 23:45:00,Kitchen,0.367
2026-09-21 23:45:00,Laundry,0.264
2026-09-21 23:45:00,HVAC,1.563
2026-09-21 23:45:00,Process,1.028
2026-09-21 23:45:00,Lighting,0.395
2026-09-22 00:00:00,Kitchen,0.400
2026-09-22 00:00:00,Laundry,0.245
2026-09-22 00:00:00,HVAC,1.754
2026-09-22 00:00:00,Process,1.235
2026-09-22 00:00:00,Lighting,0.407
2026-09-22 00:15:00,Kitchen,0.405
2026-09-22 00:15:00,Laundry,0.269
2026-09-22 00:15:00,HVAC,1.596
2026-09-22 00:15:00,Process,1.015
2026-09-22 00:15:00,Lighting,0.363
2026-09-22 00:30:00,Kitchen,0.378
2026-09-22 00:30:00,Laundry,0.257
2026-09-22 00:30:00,HVAC,1.756
2026-09-22 00:30:00,Process,1.051
2026-09-22 00:30:00,Lighting,0.395
2026-09-22 00:45:00,Kitchen,0.472
2026-09-22 00:45:00,Laundry,0.312
2026-09-22 00:45:00,HVAC,1.390
2026-09-22 00:45:00,Process,1.148
2026-09-22 00:45:00,Lighting,0.422
2026-09-22 01:00:00,Kitchen,0.400
2026-09-22 01:00:00,Laundry,0.299
2026-09-22 01:00:00,HVAC,1.803
2026-09-22 01:00:00,Process,1.031
2026-09-22 01:00:00,Lighting,0.387
2026-09-22 01:15:00,Kitchen,0.454
2026-09-22 01:15:00,Laundry,0.311
2026-09-22 01:15:00,HVAC,1.416
2026-09-22 01:15:00,Process,0.954
2026-09-22 01:15:00,Lighting,0.364
2026-09-22 01:30:00,Kitchen,0.457
2026-09-22 01:30:00,Laundry,0.249
2026-09-22 01:30:00,HVAC,1.452
2026-09-22 01:30:00,Process,1.047
2026-09-22 01:30:00,Lighting,0.362
2026-09-22 01:45:00,Kitchen,0.384
2026-09-22 01:45:00,Laundry,0.250
2026-09-22 01:45:00,HVAC,1.744
2026-09-22 01:45:00,Process,1.236
2026-09-22 01:45:00,Lighting,0.412
2026-09-22 02:00:00,Kitchen,0.375
2026-09-22 02:00:00,Laundry,0.276
2026-09-22 02:00:00,HVAC,1.581
2026-09-22 02:00:00,Process,1.057
2026-09-22 02:00:00,Lighting,0.427
2026-09-22 02:15:00,Kitchen,0.418
2026-09-22 02:15:00,Laundry,0.315
2026-09-22 02:15:00,HVAC,1.751
2026-09-22 02:15:00,Process,0.957
2026-09-22 02:15:00,Lighting,0.395
2026-09-22 02:30:00,Kitchen,0.414
2026-09-22 02:30:00,Laundry,0.256
2026-09-22 02:30:00,HVAC,1.782
2026-09-22 02:30:00,Process,1.246
2026-09-22 02:30:00,Lighting,0.387
2026-09-22 02:45:00,Kitchen,0.384
2026-09-22 02:45:00,Laundry,0.281
2026-09-22 02:45:00,HVAC,1.400
2026-09-22 02:45:00,Process,1.226
2026-09-22 02:45:00,Lighting,0.382
2026-09-22 03:00:00,Kitchen,0.382
2026-09-22 03:00:00,Laundry,0.307
2026-09-22 03:00:00,HVAC,1.752
2026-09-22 03:00:00,Process,1.027
2026-09-22 03:00:00,Lighting,0.393
2026-09-22 03:15:00,Kitchen,0.364
2026-09-22 03:15:00,Laundry,0.273
2026-09-22 03:15:00,HVAC,1.626
2026-09-22 03:15:00,Process,1.163
2026-09-22 03:15:00,Lighting,0.343
2026-09-22 03:30:00,Kitchen,0.452
2026-09-22 03:30:00,Laundry,0.273
2026-09-22 03:30:00,HVAC,1.706
2026-09-22 03:30:00,Process,1.058
2026-09-22 03:30:00,Lighting,0.384
2026-09-22 03:45:00,Kitchen,0.400
2026-09-22 03:45:00,Laundry,0.255
2026-09-22 03:45:00,HVAC,1.603
2026-09-22 03:45:00,Process,1.058
2026-09-22 03:45:00,Lighting,0.391
2026-09-22 04:00:00,Kitchen,0.427
2026-09-22 04:00:00,Laundry,0.258
2026-09-22 04:00:00,HVAC,1.398
2026-09-22 04:00:00,Process,1.234
2026-09-22 04:00:00,Lighting,0.399
2026-09-22 04:15:00,Kitchen,0.468
2026-09-22 04:15:00,Laundry,0.309
2026-09-22 04:15:00,HVAC,1.452
2026-09-22 04:15:00,Process,1.136
2026-09-22 04:15:00,Lighting,0.428
2026-09-22 04:30:00,Kitchen,0.437
2026-09-22 04:30:00,Laundry,0.275
2026-09-22 04:30:00,HVAC,1.734
2026-09-22 04:30:00,Process,1.083
2026-09-22 04:30:00,Lighting,0.336
2026-09-22 04:45:00,Kitchen,0.456
2026-09-22 04:45:00,Laundry,0.280
2026-09-22 04:45:00,HVAC,1.694
2026-09-22 04:45:00,Process,1.108
2026-09-22 04:45:00,Lighting,0.425
2026-09-22 05:00:00,Kitchen,0.449
2026-09-22 05:00:00,Laundry,0.297
2026-09-22 05:00:00,HVAC,1.782
2026-09-22 05:00:00,Process,1.036
2026-09-22 05:00:00,Lighting,0.400
2026-09-22 05:15:00,Kitchen,0.374
2026-09-22 05:15:00,Laundry,0.303
2026-09-22 05:15:00,HVAC,1.517
2026-09-22 05:15:00,Process,1.018
2026-09-22 05:15:00,Lighting,0.425
2026-09-22 05:30:00,Kitchen,0.473
2026-09-22 05:30:00,Laundry,0.277
2026-09-22 05:30:00,HVAC,1.584
2026-09-22 05:30:00,Process,1.170
2026-09-22 05:30:00,Lighting,0.382
2026-09-22 05:45:00,Kitchen,0.432
2026-09-22 05:45:00,Laundry,0.275
2026-09-22 05:45:00,HVAC,1.692
2026-09-22 05:45:00,Process,1.056
2026-09-22 05:45:00,Lighting,0.433
2026-09-22 06:00:00,Kitchen,0.938
2026-09-22 06:00:00,Laundry,0.751
2026-09-22 06:00:00,HVAC,2.684
2026-09-22 06:00:00,Process,4.187
2026-09-22 06:00:00,Lighting,1.397
2026-09-22 06:15:00,Kitchen,0.994
2026-09-22 06:15:00,Laundry,0.615
2026-09-22 06:15:00,HVAC,2.508
2026-09-22 06:15:00,Process,4.431
2026-09-22 06:15:00,Lighting,1.185
2026-09-22 06:30:00,Kitchen,0.982
2026-09-22 06:30:00,Laundry,0.764
2026-09-22 06:30:00,HVAC,2.368
2026-09-22 06:30:00,Process,3.832
2026-09-22 06:30:00,Lighting,1.445
2026-09-22 06:45:00,Kitchen,1.046
2026-09-22 06:45:00,Laundry,0.656
2026-09-22 06:45:00,HVAC,2.649
2026-09-22 06:45:00,Process,4.350
2026-09-22 06:45:00,Lighting,1.262
2026-09-22 07:00:00,Kitchen,3.734
2026-09-22 07:00:00,Laundry,0.764
2026-09-22 07:00:00,HVAC,2.444
2026-09-22 07:00:00,Process,3.649
2026-09-22 07:00:00,Lighting,1.414
2026-09-22 07:15:00,Kitchen,3.354
2026-09-22 07:15:00,Laundry,0.761
2026-09-22 07:15:00,HVAC,2.520
2026-09-22 07:15:00,Process,4.085
2026-09-22 07:15:00,Lighting,1.331
2026-09-22 07:30:00,Kitchen,3.292
2026-09-22 07:30:00,Laundry,0.660
2026-09-22 07:30:00,HVAC,2.257
2026-09-22 07:30:00,Process,4.349
2026-09-22 07:30:00,Lighting,1.398
2026-09-22 07:45:00,Kitchen,3.778
2026-09-22 07:45:00,Laundry,0.735
2026-09-22 07:45:00,HVAC,2.331
2026-09-22 07:45:00,Process,4.786
2026-09-22 07:45:00,Lighting,1.307
2026-09-22 08:00:00,Kitchen,3.860
2026-09-22 08:00:00,Laundry,2.455
2026-09-22 08:00:00,HVAC,2.353
2026-09-22 08:00:00,Process,8.763
2026-09-22 08:00:00,Lighting,1.344
2026-09-22 08:15:00,Kitchen,3.828
2026-09-22 08:15:00,Laundry,2.868
2026-09-22 08:15:00,HVAC,2.463
2026-09-22 08:15:00,Process,7.306
2026-09-22 08:15:00,Lighting,1.311
2026-09-22 08:30:00,Kitchen,3.624
2026-09-22 08:30:00,Laundry,2.855
2026-09-22 08:30:00,HVAC,2.752
2026-09-22 08:30:00,Process,7.592
2026-09-22 08:30:00,Lighting,1.424
2026-09-22 08:45:00,Kitchen,3.326
2026-09-22 08:45:00,Laundry,2.617
2026-09-22 08:45:00,HVAC,2.807
2026-09-22 08:45:00,Process,8.027
2026-09-22 08:45:00,Lighting,1.321
2026-09-22 09:00:00,Kitchen,3.441
2026-09-22 09:00:00,Laundry,2.776
2026-09-22 09:00:00,HVAC,3.380
2026-09-22 09:00:00,Process,7.253
2026-09-22 09:00:00,Lighting,1.289
2026-09-22 09:15:00,Kitchen,3.468
2026-09-22 09:15:00,Laundry,2.575
2026-09-22 09:15:00,HVAC,3.632
2026-09-22 09:15:00,Process,7.532
2026-09-22 09:15:00,Lighting,1.286
2026-09-22 09:30:00,Kitchen,1.178
2026-09-22 09:30:00,Laundry,2.929
2026-09-22 09:30:00,HVAC,3.757
2026-09-22 09:30:00,Process,8.602
2026-09-22 09:30:00,Lighting,1.496
2026-09-22 09:45:00,Kitchen,1.104
2026-09-22 09:45:00,Laundry,2.697
2026-09-22 09:45:00,HVAC,3.628
2026-09-22 09:45:00,Process,6.778
2026-09-22 09:45:00,Lighting,1.393
2026-09-22 10:00:00,Kitchen,1.063
2026-09-22 10:00:00,Laundry,2.575
2026-09-22 10:00:00,HVAC,3.791
2026-09-22 10:00:00,Process,8.682
2026-09-22 10:00:00,Lighting,1.235
2026-09-22 10:15:00,Kitchen,1.002
2026-09-22 10:15:00,Laundry,2.671
2026-09-22 10:15:00,HVAC,4.387
2026-09-22 10:15:00,Process,7.427
2026-09-22 10:15:00,Lighting,1.374
2026-09-22 10:30:00,Kitchen,1.104
2026-09-22 10:30:00,Laundry,2.359
2026-09-22 10:30:00,HVAC,4.627
2026-09-22 10:30:00,Process,7.362
2026-09-22 10:30:00,Lighting,1.373
2026-09-22 10:45:00,Kitchen,1.022
2026-09-22 10:45:00,Laundry,2.340
2026-09-22 10:45:00,HVAC,5.569
2026-09-22 10:45:00,Process,8.220
2026-09-22 10:45:00,Lighting,1.325
2026-09-22 11:00:00,Kitchen,1.029
2026-09-22 11:00:00,Laundry,2.591
2026-09-22 11:00:00,HVAC,4.967
2026-09-22 11:00:00,Process,6.800
2026-09-22 11:00:00,Lighting,1.286
2026-09-22 11:15:00,Kitchen,1.122
2026-09-22 11:15:00,Laundry,2.821
2026-09-22 11:15:00,HVAC,5.719
2026-09-22 11:15:00,Process,8.052
2026-09-22 11:15:00,Lighting,1.487
2026-09-22 11:30:00,Kitchen,0.950
2026-09-22 11:30:00,Laundry,2.627
2026-09-22 11:30:00,HVAC,6.064
2026-09-22 11:30:00,Process,7.422
2026-09-22 11:30:00,Lighting,1.406
2026-09-22 11:45:00,Kitchen,1.029
2026-09-22 11:45:00,Laundry,2.265
2026-09-22 11:45:00,HVAC,6.259
2026-09-22 11:45:00,Process,8.674
2026-09-22 11:45:00,Lighting,1.335
2026-09-22 12:00:00,Kitchen,5.132
2026-09-22 12:00:00,Laundry,0.665
2026-09-22 12:00:00,HVAC,5.466
2026-09-22 12:00:00,Process,8.653
2026-09-22 12:00:00,Lighting,1.231
2026-09-22 12:15:00,Kitchen,4.684
2026-09-22 12:15:00,Laundry,0.683
2026-09-22 12:15:00,HVAC,6.077
2026-09-22 12:15:00,Process,7.073
2026-09-22 12:15:00,Lighting,1.436
2026-09-22 12:30:00,Kitchen,4.387
2026-09-22 12:30:00,Laundry,0.605
2026-09-22 12:30:00,HVAC,5.744
2026-09-22 12:30:00,Process,8.688
2026-09-22 12:30:00,Lighting,1.192
2026-09-22 12:45:00,Kitchen,4.580
2026-09-22 12:45:00,Laundry,0.728
2026-09-22 12:45:00,HVAC,5.815
2026-09-22 12:45:00,Process,6.748
2026-09-22 12:45:00,Lighting,1.377
2026-09-22 13:00:00,Kitchen,5.055
2026-09-22 13:00:00,Laundry,0.626
2026-09-22 13:00:00,HVAC,6.628
2026-09-22 13:00:00,Process,8.698
2026-09-22 13:00:00,Lighting,1.532
2026-09-22 13:15:00,Kitchen,4.125
2026-09-22 13:15:00,Laundry,0.735
2026-09-22 13:15:00,HVAC,6.155
2026-09-22 13:15:00,Process,6.733
2026-09-22 13:15:00,Lighting,1.364
2026-09-22 13:30:00,Kitchen,4.233
2026-09-22 13:30:00,Laundry,0.718
2026-09-22 13:30:00,HVAC,6.227
2026-09-22 13:30:00,Process,7.748
2026-09-22 13:30:00,Lighting,1.239
2026-09-22 13:45:00,Kitchen,5.203
2026-09-22 13:45:00,Laundry,0.674
2026-09-22 13:45:00,HVAC,6.661
2026-09-22 13:45:00,Process,7.076
2026-09-22 13:45:00,Lighting,1.515
2026-09-22 14:00:00,Kitchen,4.016
2026-09-22 14:00:00,Laundry,2.289
2026-09-22 14:00:00,HVAC,5.598
2026-09-22 14:00:00,Process,7.799
2026-09-22 14:00:00,Lighting,1.210
2026-09-22 14:15:00,Kitchen,4.127
2026-09-22 14:15:00,Laundry,2.216
2026-09-22 14:15:00,HVAC,5.579
2026-09-22 14:15:00,Process,8.380
2026-09-22 14:15:00,Lighting,1.172
2026-09-22 14:30:00,Kitchen,1.155
2026-09-22 14:30:00,Laundry,2.324
2026-09-22 14:30:00,HVAC,6.703
2026-09-22 14:30:00,Process,7.860
2026-09-22 14:30:00,Lighting,1.283
2026-09-22 14:45:00,Kitchen,1.155
2026-09-22 14:45:00,Laundry,1.875
2026-09-22 14:45:00,HVAC,5.652
2026-09-22 14:45:00,Process,7.800
2026-09-22 14:45:00,Lighting,1.407
2026-09-22 15:00:00,Kitchen,0.950
2026-09-22 15:00:00,Laundry,2.217
2026-09-22 15:00:00,HVAC,5.803
2026-09-22 15:00:00,Process,7.800
2026-09-22 15:00:00,Lighting,1.212
2026-09-22 15:15:00,Kitchen,0.986
2026-09-22 15:15:00,Laundry,2.097
2026-09-22 15:15:00,HVAC,5.896
2026-09-22 15:15:00,Process,7.992
2026-09-22 15:15:00,Lighting,1.414
2026-09-22 15:30:00,Kitchen,0.927
2026-09-22 15:30:00,Laundry,2.226
2026-09-22 15:30:00,HVAC,6.035
2026-09-22 15:30:00,Process,8.841
2026-09-22 15:30:00,Lighting,1.350
2026-09-22 15:45:00,Kitchen,0.918
2026-09-22 15:45:00,Laundry,1.909
2026-09-22 15:45:00,HVAC,6.068
2026-09-22 15:45:00,Process,6.827
2026-09-22 15:45:00,Lighting,1.329
2026-09-22 16:00:00,Kitchen,1.134
2026-09-22 16:00:00,Laundry,1.882
2026-09-22 16:00:00,HVAC,5.851
2026-09-22 16:00:00,Process,8.834
2026-09-22 16:00:00,Lighting,1.502
2026-09-22 16:15:00,Kitchen,0.945
2026-09-22 16:15:00,Laundry,2.085
2026-09-22 16:15:00,HVAC,5.525
2026-09-22 16:15:00,Process,7.938
2026-09-22 16:15:00,Lighting,1.298
2026-09-22 16:30:00,Kitchen,1.074
2026-09-22 16:30:00,Laundry,2.241
2026-09-22 16:30:00,HVAC,5.450
2026-09-22 16:30:00,Process,8.115
2026-09-22 16:30:00,Lighting,1.259
2026-09-22 16:45:00,Kitchen,1.078
2026-09-22 16:45:00,Laundry,2.384
2026-09-22 16:45:00,HVAC,5.723
2026-09-22 16:45:00,Process,8.405
2026-09-22 16:45:00,Lighting,1.433
2026-09-22 17:00:00,Kitchen,1.162
2026-09-22 17:00:00,Laundry,1.840
2026-09-22 17:00:00,HVAC,4.583
2026-09-22 17:00:00,Process,7.218
2026-09-22 17:00:00,Lighting,1.432
2026-09-22 17:15:00,Kitchen,0.985
2026-09-22 17:15:00,Laundry,2.136
2026-09-22 17:15:00,HVAC,4.294
2026-09-22 17:15:00,Process,6.977
2026-09-22 17:15:00,Lighting,1.427
2026-09-22 17:30:00,Kitchen,1.121
2026-09-22 17:30:00,Laundry,0.632
2026-09-22 17:30:00,HVAC,5.070
2026-09-22 17:30:00,Process,8.113
2026-09-22 17:30:00,Lighting,1.311
2026-09-22 17:45:00,Kitchen,0.979
2026-09-22 17:45:00,Laundry,0.772
2026-09-22 17:45:00,HVAC,4.542
2026-09-22 17:45:00,Process,6.885
2026-09-22 17:45:00,Lighting,1.428
2026-09-22 18:00:00,Kitchen,1.122
2026-09-22 18:00:00,Laundry,0.659
2026-09-22 18:00:00,HVAC,4.048
2026-09-22 18:00:00,Process,4.172
2026-09-22 18:00:00,Lighting,2.510
2026-09-22 18:15:00,Kitchen,1.178
2026-09-22 18:15:00,Laundry,0.717
2026-09-22 18:15:00,HVAC,4.460
2026-09-22 18:15:00,Process,4.297
2026-09-22 18:15:00,Lighting,2.278
2026-09-22 18:30:00,Kitchen,1.025
2026-09-22 18:30:00,Laundry,0.627
2026-09-22 18:30:00,HVAC,4.226
2026-09-22 18:30:00,Process,4.412
2026-09-22 18:30:00,Lighting,2.528
2026-09-22 18:45:00,Kitchen,1.035
2026-09-22 18:45:00,Laundry,0.690
2026-09-22 18:45:00,HVAC,3.343
2026-09-22 18:45:00,Process,4.396
2026-09-22 18:45:00,Lighting,2.634
2026-09-22 19:00:00,Kitchen,5.433
2026-09-22 19:00:00,Laundry,0.672
2026-09-22 19:00:00,HVAC,3.683
2026-09-22 19:00:00,Process,3.835
2026-09-22 19:00:00,Lighting,2.537
2026-09-22 19:15:00,Kitchen,4.817
2026-09-22 19:15:00,Laundry,0.679
2026-09-22 19:15:00,HVAC,3.233
2026-09-22 19:15:00,Process,4.387
2026-09-22 19:15:00,Lighting,2.724
2026-09-22 19:30:00,Kitchen,5.595
2026-09-22 19:30:00,Laundry,0.653
2026-09-22 19:30:00,HVAC,2.574
2026-09-22 19:30:00,Process,4.391
2026-09-22 19:30:00,Lighting,2.772
2026-09-22 19:45:00,Kitchen,5.472
2026-09-22 19:45:00,Laundry,0.697
2026-09-22 19:45:00,HVAC,2.476
2026-09-22 19:45:00,Process,3.839
2026-09-22 19:45:00,Lighting,2.158
2026-09-22 20:00:00,Kitchen,5.073
2026-09-22 20:00:00,Laundry,0.279
2026-09-22 20:00:00,HVAC,2.554
2026-09-22 20:00:00,Process,4.557
2026-09-22 20:00:00,Lighting,2.370
2026-09-22 20:15:00,Kitchen,4.818
2026-09-22 20:15:00,Laundry,0.242
2026-09-22 20:15:00,HVAC,2.620
2026-09-22 20:15:00,Process,4.031
2026-09-22 20:15:00,Lighting,2.622
2026-09-22 20:30:00,Kitchen,5.660
2026-09-22 20:30:00,Laundry,0.251
2026-09-22 20:30:00,HVAC,2.098
2026-09-22 20:30:00,Process,3.756
2026-09-22 20:30:00,Lighting,2.624
2026-09-22 20:45:00,Kitchen,4.698
2026-09-22 20:45:00,Laundry,0.311
2026-09-22 20:45:00,HVAC,2.426
2026-09-22 20:45:00,Process,3.805
2026-09-22 20:45:00,Lighting,2.174
2026-09-22 21:00:00,Kitchen,4.980
2026-09-22 21:00:00,Laundry,0.264
2026-09-22 21:00:00,HVAC,2.714
2026-09-22 21:00:00,Process,4.648
2026-09-22 21:00:00,Lighting,2.519
2026-09-22 21:15:00,Kitchen,6.041
2026-09-22 21:15:00,Laundry,0.296
2026-09-22 21:15:00,HVAC,2.564
2026-09-22 21:15:00,Process,4.783
2026-09-22 21:15:00,Lighting,2.119
2026-09-22 21:30:00,Kitchen,0.983
2026-09-22 21:30:00,Laundry,0.257
2026-09-22 21:30:00,HVAC,2.199
2026-09-22 21:30:00,Process,3.765
2026-09-22 21:30:00,Lighting,2.562
2026-09-22 21:45:00,Kitchen,1.121
2026-09-22 21:45:00,Laundry,0.278
2026-09-22 21:45:00,HVAC,2.556
2026-09-22 21:45:00,Process,4.148
2026-09-22 21:45:00,Lighting,2.649
2026-09-22 22:00:00,Kitchen,0.467
2026-09-22 22:00:00,Laundry,0.305
2026-09-22 22:00:00,HVAC,1.622
2026-09-22 22:00:00,Process,1.237
2026-09-22 22:00:00,Lighting,2.713
2026-09-22 22:15:00,Kitchen,0.411
2026-09-22 22:15:00,Laundry,0.317
2026-09-22 22:15:00,HVAC,1.493
2026-09-22 22:15:00,Process,1.247
2026-09-22 22:15:00,Lighting,2.662
2026-09-22 22:30:00,Kitchen,0.429
2026-09-22 22:30:00,Laundry,0.266
2026-09-22 22:30:00,HVAC,1.597
2026-09-22 22:30:00,Process,1.144
2026-09-22 22:30:00,Lighting,2.159
2026-09-22 22:45:00,Kitchen,0.454
2026-09-22 22:45:00,Laundry,0.280
2026-09-22 22:45:00,HVAC,1.557
2026-09-22 22:45:00,Process,0.947
2026-09-22 22:45:00,Lighting,2.635
2026-09-22 23:00:00,Kitchen,0.403
2026-09-22 23:00:00,Laundry,0.307
2026-09-22 23:00:00,HVAC,1.811
2026-09-22 23:00:00,Process,1.205
2026-09-22 23:00:00,Lighting,0.395
2026-09-22 23:15:00,Kitchen,0.390
2026-09-22 23:15:00,Laundry,0.263
2026-09-22 23:15:00,HVAC,1.566
2026-09-22 23:15:00,Process,1.213
2026-09-22 23:15:00,Lighting,0.336
2026-09-22 23:30:00,Kitchen,0.414
2026-09-22 23:30:00,Laundry,0.280
2026-09-22 23:30:00,HVAC,1.442
2026-09-22 23:30:00,Process,1.133
2026-09-22 23:30:00,Lighting,0.348
2026-09-22 23:45:00,Kitchen,0.376
2026-09-22 23:45:00,Laundry,0.242
2026-09-22 23:45:00,HVAC,1.808
2026-09-22 23:45:00,Process,1.003
2026-09-22 23:45:00,Lighting,0.398
2026-09-23 00:00:00,Kitchen,0.421
2026-09-23 00:00:00,Laundry,0.311
2026-09-23 00:00:00,HVAC,1.739
2026-09-23 00:00:00,Process,1.187
2026-09-23 00:00:00,Lighting,0.394
2026-09-23 00:15:00,Kitchen,0.468
2026-09-23 00:15:00,Laundry,0.285
2026-09-23 00:15:00,HVAC,1.607
2026-09-23 00:15:00,Process,1.169
2026-09-23 00:15:00,Lighting,0.376
2026-09-23 00:30:00,Kitchen,0.442
2026-09-23 00:30:00,Laundry,0.311
2026-09-23 00:30:00,HVAC,1.494
2026-09-23 00:30:00,Process,1.222
2026-09-23 00:30:00,Lighting,0.373
2026-09-23 00:45:00,Kitchen,0.444
2026-09-23 00:45:00,Laundry,0.265
2026-09-23 00:45:00,HVAC,1.633
2026-09-23 00:45:00,Process,1.001
2026-09-23 00:45:00,Lighting,0.415
2026-09-23 01:00:00,Kitchen,0.368
2026-09-23 01:00:00,Laundry,0.249
2026-09-23 01:00:00,HVAC,1.401
2026-09-23 01:00:00,Process,1.152
2026-09-23 01:00:00,Lighting,0.335
2026-09-23 01:15:00,Kitchen,0.381
2026-09-23 01:15:00,Laundry,0.257
2026-09-23 01:15:00,HVAC,1.649
2026-09-23 01:15:00,Process,1.044
2026-09-23 01:15:00,Lighting,0.407
2026-09-23 01:30:00,Kitchen,0.461
2026-09-23 01:30:00,Laundry,0.261
2026-09-23 01:30:00,HVAC,1.672
2026-09-23 01:30:00,Process,1.193
2026-09-23 01:30:00,Lighting,0.335
2026-09-23 01:45:00,Kitchen,0.419
2026-09-23 01:45:00,Laundry,0.305
2026-09-23 01:45:00,HVAC,1.532
2026-09-23 01:45:00,Process,0.960
2026-09-23 01:45:00,Lighting,0.403
2026-09-23 02:00:00,Kitchen,0.383
2026-09-23 02:00:00,Laundry,0.317
2026-09-23 02:00:00,HVAC,1.408
2026-09-23 02:00:00,Process,1.077
2026-09-23 02:00:00,Lighting,0.363
2026-09-23 02:15:00,Kitchen,0.409
2026-09-23 02:15:00,Laundry,0.268
2026-09-23 02:15:00,HVAC,1.604
2026-09-23 02:15:00,Process,1.049
2026-09-23 02:15:00,Lighting,0.395
2026-09-23 02:30:00,Kitchen,0.421
2026-09-23 02:30:00,Laundry,0.245
2026-09-23 02:30:00,HVAC,1.379
2026-09-23 02:30:00,Process,1.193
2026-09-23 02:30:00,Lighting,0.382
2026-09-23 02:45:00,Kitchen,0.400
2026-09-23 02:45:00,Laundry,0.310
2026-09-23 02:45:00,HVAC,1.403
2026-09-23 02:45:00,Process,1.017
2026-09-23 02:45:00,Lighting,0.344
2026-09-23 03:00:00,Kitchen,0.385
2026-09-23 03:00:00,Laundry,0.248
2026-09-23 03:00:00,HVAC,1.525
2026-09-23 03:00:00,Process,0.996
2026-09-23 03:00:00,Lighting,0.338
2026-09-23 03:15:00,Kitchen,0.415
2026-09-23 03:15:00,Laundry,0.280
2026-09-23 03:15:00,HVAC,1.768
2026-09-23 03:15:00,Process,1.068
2026-09-23 03:15:00,Lighting,0.360
2026-09-23 03:30:00,Kitchen,0.471
2026-09-23 03:30:00,Laundry,0.298
2026-09-23 03:30:00,HVAC,1.529
2026-09-23 03:30:00,Process,1.074
2026-09-23 03:30:00,Lighting,0.356
2026-09-23 03:45:00,Kitchen,0.412
2026-09-23 03:45:00,Laundry,0.306
2026-09-23 03:45:00,HVAC,1.755
2026-09-23 03:45:00,Process,1.205
2026-09-23 03:45:00,Lighting,0.350
2026-09-23 04:00:00,Kitchen,0.423
2026-09-23 04:00:00,Laundry,0.252
2026-09-23 04:00:00,HVAC,1.711
2026-09-23 04:00:00,Process,1.133
2026-09-23 04:00:00,Lighting,0.408
2026-09-23 04:15:00,Kitchen,0.474
2026-09-23 04:15:00,Laundry,0.313
2026-09-23 04:15:00,HVAC,1.672
2026-09-23 04:15:00,Process,1.216
2026-09-23 04:15:00,Lighting,0.411
2026-09-23 04:30:00,Kitchen,0.393
2026-09-23 04:30:00,Laundry,0.319
2026-09-23 04:30:00,HVAC,1.798
2026-09-23 04:30:00,Process,1.055
2026-09-23 04:30:00,Lighting,0.342
2026-09-23 04:45:00,Kitchen,0.401
2026-09-23 04:45:00,Laundry,0.314
2026-09-23 04:45:00,HVAC,1.448
2026-09-23 04:45:00,Process,1.198
2026-09-23 04:45:00,Lighting,0.425
2026-09-23 05:00:00,Kitchen,0.406
2026-09-23 05:00:00,Laundry,0.279
2026-09-23 05:00:00,HVAC,1.535
2026-09-23 05:00:00,Process,1.046
2026-09-23 05:00:00,Lighting,0.392
2026-09-23 05:15:00,Kitchen,0.465
2026-09-23 05:15:00,Laundry,0.287
2026-09-23 05:15:00,HVAC,1.436
2026-09-23 05:15:00,Process,0.996
2026-09-23 05:15:00,Lighting,0.327
2026-09-23 05:30:00,Kitchen,0.447
2026-09-23 05:30:00,Laundry,0.310
2026-09-23 05:30:00,HVAC,1.495
2026-09-23 05:30:00,Process,1.049
2026-09-23 05:30:00,Lighting,0.339
2026-09-23 05:45:00,Kitchen,0.460
2026-09-23 05:45:00,Laundry,0.314
2026-09-23 05:45:00,HVAC,1.438
2026-09-23 05:45:00,Process,1.207
2026-09-23 05:45:00,Lighting,0.428
2026-09-23 06:00:00,Kitchen,1.183
2026-09-23 06:00:00,Laundry,0.660
2026-09-23 06:00:00,HVAC,2.622
2026-09-23 06:00:00,Process,4.641
2026-09-23 06:00:00,Lighting,1.485
2026-09-23 06:15:00,Kitchen,0.910
2026-09-23 06:15:00,Laundry,0.615
2026-09-23 06:15:00,HVAC,2.190
2026-09-23 06:15:00,Process,4.292
2026-09-23 06:15:00,Lighting,1.389
2026-09-23 06:30:00,Kitchen,1.028
2026-09-23 06:30:00,Laundry,0.669
2026-09-23 06:30:00,HVAC,2.255
2026-09-23 06:30:00,Process,3.905
2026-09-23 06:30:00,Lighting,1.475
2026-09-23 06:45:00,Kitchen,1.067
2026-09-23 06:45:00,Laundry,0.620
2026-09-23 06:45:00,HVAC,2.624
2026-09-23 06:45:00,Process,4.462
2026-09-23 06:45:00,Lighting,1.532
2026-09-23 07:00:00,Kitchen,3.589
2026-09-23 07:00:00,Laundry,0.771
2026-09-23 07:00:00,HVAC,2.479
2026-09-23 07:00:00,Process,3.712
2026-09-23 07:00:00,Lighting,1.225
2026-09-23 07:15:00,Kitchen,3.032
2026-09-23 07:15:00,Laundry,0.678
2026-09-23 07:15:00,HVAC,2.717
2026-09-23 07:15:00,Process,3.713
2026-09-23 07:15:00,Lighting,1.188
2026-09-23 07:30:00,Kitchen,3.076
2026-09-23 07:30:00,Laundry,0.672
2026-09-23 07:30:00,HVAC,2.663
2026-09-23 07:30:00,Process,3.776
2026-09-23 07:30:00,Lighting,1.461
2026-09-23 07:45:00,Kitchen,3.219
2026-09-23 07:45:00,Laundry,0.692
2026-09-23 07:45:00,HVAC,2.148
2026-09-23 07:45:00,Process,3.720
2026-09-23 07:45:00,Lighting,1.373
2026-09-23 08:00:00,Kitchen,3.489
2026-09-23 08:00:00,Laundry,2.850
2026-09-23 08:00:00,HVAC,2.233
2026-09-23 08:00:00,Process,8.734
2026-09-23 08:00:00,Lighting,1.465
2026-09-23 08:15:00,Kitchen,3.061
2026-09-23 08:15:00,Laundry,2.486
2026-09-23 08:15:00,HVAC,2.542
2026-09-23 08:15:00,Process,8.773
2026-09-23 08:15:00,Lighting,1.213
2026-09-23 08:30:00,Kitchen,3.018
2026-09-23 08:30:00,Laundry,2.831
2026-09-23 08:30:00,HVAC,2.647
2026-09-23 08:30:00,Process,7.771
2026-09-23 08:30:00,Lighting,1.163
2026-09-23 08:45:00,Kitchen,3.554
2026-09-23 08:45:00,Laundry,2.723
2026-09-23 08:45:00,HVAC,2.859
2026-09-23 08:45:00,Process,8.384
2026-09-23 08:45:00,Lighting,1.464
2026-09-23 09:00:00,Kitchen,3.265
2026-09-23 09:00:00,Laundry,2.767
2026-09-23 09:00:00,HVAC,3.408
2026-09-23 09:00:00,Process,8.407
2026-09-23 09:00:00,Lighting,1.267
2026-09-23 09:15:00,Kitchen,2.988
2026-09-23 09:15:00,Laundry,2.321
2026-09-23 09:15:00,HVAC,3.793
2026-09-23 09:15:00,Process,7.175
2026-09-23 09:15:00,Lighting,1.499
2026-09-23 09:30:00,Kitchen,1.035
2026-09-23 09:30:00,Laundry,2.310
2026-09-23 09:30:00,HVAC,4.168
2026-09-23 09:30:00,Process,7.988
2026-09-23 09:30:00,Lighting,1.277
2026-09-23 09:45:00,Kitchen,1.005
2026-09-23 09:45:00,Laundry,2.408
2026-09-23 09:45:00,HVAC,4.613
2026-09-23 09:45:00,Process,8.227
2026-09-23 09:45:00,Lighting,1.174
2026-09-23 10:00:00,Kitchen,1.038
2026-09-23 10:00:00,Laundry,2.268
2026-09-23 10:00:00,HVAC,4.607
2026-09-23 10:00:00,Process,8.212
2026-09-23 10:00:00,Lighting,1.516
2026-09-23 10:15:00,Kitchen,1.018
2026-09-23 10:15:00,Laundry,2.311
2026-09-23 10:15:00,HVAC,4.897
2026-09-23 10:15:00,Process,8.646
2026-09-23 10:15:00,Lighting,1.448
2026-09-23 10:30:00,Kitchen,1.013
2026-09-23 10:30:00,Laundry,2.507
2026-09-23 10:30:00,HVAC,4.209
2026-09-23 10:30:00,Process,8.474
2026-09-23 10:30:00,Lighting,1.466
2026-09-23 10:45:00,Kitchen,1.029
2026-09-23 10:45:00,Laundry,2.565
2026-09-23 10:45:00,HVAC,4.782
2026-09-23 10:45:00,Process,8.283
2026-09-23 10:45:00,Lighting,1.409
2026-09-23 11:00:00,Kitchen,1.158
2026-09-23 11:00:00,Laundry,2.758
2026-09-23 11:00:00,HVAC,5.285
2026-09-23 11:00:00,Process,7.084
2026-09-23 11:00:00,Lighting,1.535
2026-09-23 11:15:00,Kitchen,1.190
2026-09-23 11:15:00,Laundry,2.595
2026-09-23 11:15:00,HVAC,5.908
2026-09-23 11:15:00,Process,7.207
2026-09-23 11:15:00,Lighting,1.411
2026-09-23 11:30:00,Kitchen,1.001
2026-09-23 11:30:00,Laundry,2.594
2026-09-23 11:30:00,HVAC,4.859
2026-09-23 11:30:00,Process,8.350
2026-09-23 11:30:00,Lighting,1.473
2026-09-23 11:45:00,Kitchen,1.177
2026-09-23 11:45:00,Laundry,2.955
2026-09-23 11:45:00,HVAC,4.934
2026-09-23 11:45:00,Process,7.237
2026-09-23 11:45:00,Lighting,1.410
2026-09-23 12:00:00,Kitchen,4.720
2026-09-23 12:00:00,Laundry,0.631
2026-09-23 12:00:00,HVAC,6.377
2026-09-23 12:00:00,Process,8.698
2026-09-23 12:00:00,Lighting,1.282
2026-09-23 12:15:00,Kitchen,4.959
2026-09-23 12:15:00,Laundry,0.628
2026-09-23 12:15:00,HVAC,6.234
2026-09-23 12:15:00,Process,7.249
2026-09-23 12:15:00,Lighting,1.296
2026-09-23 12:30:00,Kitchen,4.180
2026-09-23 12:30:00,Laundry,0.726
2026-09-23 12:30:00,HVAC,6.261
2026-09-23 12:30:00,Process,6.924
2026-09-23 12:30:00,Lighting,1.297
2026-09-23 12:45:00,Kitchen,4.747
2026-09-23 12:45:00,Laundry,0.753
2026-09-23 12:45:00,HVAC,5.472
2026-09-23 12:45:00,Process,8.196
2026-09-23 12:45:00,Lighting,1.373
2026-09-23 13:00:00,Kitchen,5.032
2026-09-23 13:00:00,Laundry,0.675
2026-09-23 13:00:00,HVAC,6.796
2026-09-23 13:00:00,Process,7.297
2026-09-23 13:00:00,Lighting,1.272
2026-09-23 13:15:00,Kitchen,5.082
2026-09-23 13:15:00,Laundry,0.793
2026-09-23 13:15:00,HVAC,6.898
2026-09-23 13:15:00,Process,7.348
2026-09-23 13:15:00,Lighting,1.176
2026-09-23 13:30:00,Kitchen,4.215
2026-09-23 13:30:00,Laundry,0.645
2026-09-23 13:30:00,HVAC,6.896
2026-09-23 13:30:00,Process,8.498
2026-09-23 13:30:00,Lighting,1.248
2026-09-23 13:45:00,Kitchen,4.614
2026-09-23 13:45:00,Laundry,0.725
2026-09-23 13:45:00,HVAC,6.784
2026-09-23 13:45:00,Process,8.524
2026-09-23 13:45:00,Lighting,1.532
2026-09-23 14:00:00,Kitchen,4.361
2026-09-23 14:00:00,Laundry,2.206
2026-09-23 14:00:00,HVAC,5.510
2026-09-23 14:00:00,Process,7.310
2026-09-23 14:00:00,Lighting,1.419
2026-09-23 14:15:00,Kitchen,4.536
2026-09-23 14:15:00,Laundry,2.309
2026-09-23 14:15:00,HVAC,6.699
2026-09-23 14:15:00,Process,8.488
2026-09-23 14:15:00,Lighting,1.505
2026-09-23 14:30:00,Kitchen,1.107
2026-09-23 14:30:00,Laundry,2.238
2026-09-23 14:30:00,HVAC,6.512
2026-09-23 14:30:00,Process,6.793
2026-09-23 14:30:00,Lighting,1.411
2026-09-23 14:45:00,Kitchen,1.175
2026-09-23 14:45:00,Laundry,2.004
2026-09-23 14:45:00,HVAC,6.437
2026-09-23 14:45:00,Process,6.870
2026-09-23 14:45:00,Lighting,1.224
2026-09-23 15:00:00,Kitchen,1.073
2026-09-23 15:00:00,Laundry,2.198
2026-09-23 15:00:00,HVAC,5.329
2026-09-23 15:00:00,Process,7.536
2026-09-23 15:00:00,Lighting,1.244
2026-09-23 15:15:00,Kitchen,1.148
2026-09-23 15:15:00,Laundry,2.355
2026-09-23 15:15:00,HVAC,6.049
2026-09-23 15:15:00,Process,7.112
2026-09-23 15:15:00,Lighting,1.320
2026-09-23 15:30:00,Kitchen,1.172
2026-09-23 15:30:00,Laundry,2.372
2026-09-23 15:30:00,HVAC,6.247
2026-09-23 15:30:00,Process,6.721
2026-09-23 15:30:00,Lighting,1.299
2026-09-23 15:45:00,Kitchen,1.160
2026-09-23 15:45:00,Laundry,2.263
2026-09-23 15:45:00,HVAC,5.232
2026-09-23 15:45:00,Process,6.937
2026-09-23 15:45:00,Lighting,1.479
2026-09-23 16:00:00,Kitchen,0.991
2026-09-23 16:00:00,Laundry,2.379
2026-09-23 16:00:00,HVAC,6.447
2026-09-23 16:00:00,Process,7.589
2026-09-23 16:00:00,Lighting,1.496
2026-09-23 16:15:00,Kitchen,1.090
2026-09-23 16:15:00,Laundry,2.080
2026-09-23 16:15:00,HVAC,4.952
2026-09-23 16:15:00,Process,6.979
2026-09-23 16:15:00,Lighting,1.412
2026-09-23 16:30:00,Kitchen,1.186
2026-09-23 16:30:00,Laundry,2.068
2026-09-23 16:30:00,HVAC,4.921
2026-09-23 16:30:00,Process,8.404
2026-09-23 16:30:00,Lighting,1.315
2026-09-23 16:45:00,Kitchen,0.938
2026-09-23 16:45:00,Laundry,2.391
2026-09-23 16:45:00,HVAC,5.319
2026-09-23 16:45:00,Process,6.719
2026-09-23 16:45:00,Lighting,1.292
2026-09-23 17:00:00,Kitchen,0.959
2026-09-23 17:00:00,Laundry,2.222
2026-09-23 17:00:00,HVAC,4.639
2026-09-23 17:00:00,Process,7.496
2026-09-23 17:00:00,Lighting,1.309
2026-09-23 17:15:00,Kitchen,1.160
2026-09-23 17:15:00,Laundry,1.986
2026-09-23 17:15:00,HVAC,4.366
2026-09-23 17:15:00,Process,8.013
2026-09-23 17:15:00,Lighting,1.438
2026-09-23 17:30:00,Kitchen,1.003
2026-09-23 17:30:00,Laundry,0.711
2026-09-23 17:30:00,HVAC,5.268
2026-09-23 17:30:00,Process,7.405
2026-09-23 17:30:00,Lighting,1.451
2026-09-23 17:45:00,Kitchen,1.053
2026-09-23 17:45:00,Laundry,0.680
2026-09-23 17:45:00,HVAC,4.849
2026-09-23 17:45:00,Process,7.458
2026-09-23 17:45:00,Lighting,1.349
2026-09-23 18:00:00,Kitchen,1.189
2026-09-23 18:00:00,Laundry,0.645
2026-09-23 18:00:00,HVAC,3.870
2026-09-23 18:00:00,Process,4.182
2026-09-23 18:00:00,Lighting,2.438
2026-09-23 18:15:00,Kitchen,1.188
2026-09-23 18:15:00,Laundry,0.785
2026-09-23 18:15:00,HVAC,4.114
2026-09-23 18:15:00,Process,4.545
2026-09-23 18:15:00,Lighting,2.173
2026-09-23 18:30:00,Kitchen,1.025
2026-09-23 18:30:00,Laundry,0.744
2026-09-23 18:30:00,HVAC,3.726
2026-09-23 18:30:00,Process,4.172
2026-09-23 18:30:00,Lighting,2.296
2026-09-23 18:45:00,Kitchen,0.970
2026-09-23 18:45:00,Laundry,0.791
2026-09-23 18:45:00,HVAC,3.940
2026-09-23 18:45:00,Process,4.757
2026-09-23 18:45:00,Lighting,2.505
2026-09-23 19:00:00,Kitchen,4.799
2026-09-23 19:00:00,Laundry,0.728
2026-09-23 19:00:00,HVAC,3.747
2026-09-23 19:00:00,Process,4.469
2026-09-23 19:00:00,Lighting,2.748
2026-09-23 19:15:00,Kitchen,6.013
2026-09-23 19:15:00,Laundry,0.732
2026-09-23 19:15:00,HVAC,3.176
2026-09-23 19:15:00,Process,4.073
2026-09-23 19:15:00,Lighting,2.558
2026-09-23 19:30:00,Kitchen,5.350
2026-09-23 19:30:00,Laundry,0.741
2026-09-23 19:30:00,HVAC,3.036
2026-09-23 19:30:00,Process,3.789
2026-09-23 19:30:00,Lighting,2.352
2026-09-23 19:45:00,Kitchen,6.111
2026-09-23 19:45:00,Laundry,0.740
2026-09-23 19:45:00,HVAC,3.000
2026-09-23 19:45:00,Process,4.180
2026-09-23 19:45:00,Lighting,2.602
2026-09-23 20:00:00,Kitchen,5.418
2026-09-23 20:00:00,Laundry,0.264
2026-09-23 20:00:00,HVAC,2.586
2026-09-23 20:00:00,Process,4.708
2026-09-23 20:00:00,Lighting,2.752
2026-09-23 20:15:00,Kitchen,5.669
2026-09-23 20:15:00,Laundry,0.264
2026-09-23 20:15:00,HVAC,2.682
2026-09-23 20:15:00,Process,4.245
2026-09-23 20:15:00,Lighting,2.520
2026-09-23 20:30:00,Kitchen,5.742
2026-09-23 20:30:00,Laundry,0.278
2026-09-23 20:30:00,HVAC,2.157
2026-09-23 20:30:00,Process,4.308
2026-09-23 20:30:00,Lighting,2.763
2026-09-23 20:45:00,Kitchen,5.844
2026-09-23 20:45:00,Laundry,0.294
2026-09-23 20:45:00,HVAC,2.299
2026-09-23 20:45:00,Process,4.310
2026-09-23 20:45:00,Lighting,2.255
2026-09-23 21:00:00,Kitchen,5.979
2026-09-23 21:00:00,Laundry,0.256
2026-09-23 21:00:00,HVAC,2.082
2026-09-23 21:00:00,Process,3.688
2026-09-23 21:00:00,Lighting,2.260
2026-09-23 21:15:00,Kitchen,4.761
2026-09-23 21:15:00,Laundry,0.248
2026-09-23 21:15:00,HVAC,2.438
2026-09-23 21:15:00,Process,3.952
2026-09-23 21:15:00,Lighting,2.599
2026-09-23 21:30:00,Kitchen,0.965
2026-09-23 21:30:00,Laundry,0.309
2026-09-23 21:30:00,HVAC,2.715
2026-09-23 21:30:00,Process,4.246
2026-09-23 21:30:00,Lighting,2.131
2026-09-23 21:45:00,Kitchen,0.985
2026-09-23 21:45:00,Laundry,0.264
2026-09-23 21:45:00,HVAC,2.613
2026-09-23 21:45:00,Process,3.632
2026-09-23 21:45:00,Lighting,2.488
2026-09-23 22:00:00,Kitchen,0.387
2026-09-23 22:00:00,Laundry,0.262
2026-09-23 22:00:00,HVAC,1.557
2026-09-23 22:00:00,Process,1.242
2026-09-23 22:00:00,Lighting,2.612
2026-09-23 22:15:00,Kitchen,0.456
2026-09-23 22:15:00,Laundry,0.248
2026-09-23 22:15:00,HVAC,1.752
2026-09-23 22:15:00,Process,0.984
2026-09-23 22:15:00,Lighting,2.149
2026-09-23 22:30:00,Kitchen,0.420
2026-09-23 22:30:00,Laundry,0.306
2026-09-23 22:30:00,HVAC,1.695
2026-09-23 22:30:00,Process,0.962
2026-09-23 22:30:00,Lighting,2.478
2026-09-23 22:45:00,Kitchen,0.468
2026-09-23 22:45:00,Laundry,0.274
2026-09-23 22:45:00,HVAC,1.499
2026-09-23 22:45:00,Process,0.993
2026-09-23 22:45:00,Lighting,2.352
2026-09-23 23:00:00,Kitchen,0.431
2026-09-23 23:00:00,Laundry,0.274
2026-09-23 23:00:00,HVAC,1.383
2026-09-23 23:00:00,Process,0.997
2026-09-23 23:00:00,Lighting,0.368
2026-09-23 23:15:00,Kitchen,0.407
2026-09-23 23:15:00,Laundry,0.272
2026-09-23 23:15:00,HVAC,1.382
2026-09-23 23:15:00,Process,0.986
2026-09-23 23:15:00,Lighting,0.381
2026-09-23 23:30:00,Kitchen,0.425
2026-09-23 23:30:00,Laundry,0.273
2026-09-23 23:30:00,HVAC,1.515
2026-09-23 23:30:00,Process,1.164
2026-09-23 23:30:00,Lighting,0.338
2026-09-23 23:45:00,Kitchen,0.377
2026-09-23 23:45:00,Laundry,0.270
2026-09-23 23:45:00,HVAC,1.396
2026-09-23 23:45:00,Process,0.965
2026-09-23 23:45:00,Lighting,0.332
2026-09-24 00:00:00,Kitchen,0.465
2026-09-24 00:00:00,Laundry,0.254
2026-09-24 00:00:00,HVAC,1.701
2026-09-24 00:00:00,Process,1.194
2026-09-24 00:00:00,Lighting,0.405
2026-09-24 00:15:00,Kitchen,0.473
2026-09-24 00:15:00,Laundry,0.277
2026-09-24 00:15:00,HVAC,1.576
2026-09-24 00:15:00,Process,0.967
2026-09-24 00:15:00,Lighting,0.414
2026-09-24 00:30:00,Kitchen,0.463
2026-09-24 00:30:00,Laundry,0.273
2026-09-24 00:30:00,HVAC,1.396
2026-09-24 00:30:00,Process,1.042
2026-09-24 00:30:00,Lighting,0.366
2026-09-24 00:45:00,Kitchen,0.417
2026-09-24 00:45:00,Laundry,0.267
2026-09-24 00:45:00,HVAC,1.705
2026-09-24 00:45:00,Process,1.137
2026-09-24 00:45:00,Lighting,0.428
2026-09-24 01:00:00,Kitchen,0.420
2026-09-24 01:00:00,Laundry,0.300
2026-09-24 01:00:00,HVAC,1.549
2026-09-24 01:00:00,Process,1.183
2026-09-24 01:00:00,Lighting,0.334
2026-09-24 01:15:00,Kitchen,0.450
2026-09-24 01:15:00,Laundry,0.285
2026-09-24 01:15:00,HVAC,1.517
2026-09-24 01:15:00,Process,1.165
2026-09-24 01:15:00,Lighting,0.410
2026-09-24 01:30:00,Kitchen,0.414
2026-09-24 01:30:00,Laundry,0.264
2026-09-24 01:30:00,HVAC,1.682
2026-09-24 01:30:00,Process,1.172
2026-09-24 01:30:00,Lighting,0.346
2026-09-24 01:45:00,Kitchen,0.452
2026-09-24 01:45:00,Laundry,0.250
2026-09-24 01:45:00,HVAC,1.775
2026-09-24 01:45:00,Process,1.183
2026-09-24 01:45:00,Lighting,0.329
2026-09-24 02:00:00,Kitchen,0.458
2026-09-24 02:00:00,Laundry,0.246
2026-09-24 02:00:00,HVAC,1.641
2026-09-24 02:00:00,Process,1.092
2026-09-24 02:00:00,Lighting,0.412
2026-09-24 02:15:00,Kitchen,0.384
2026-09-24 02:15:00,Laundry,0.271
2026-09-24 02:15:00,HVAC,1.767
2026-09-24 02:15:00,Process,0.972
2026-09-24 02:15:00,Lighting,0.420
2026-09-24 02:30:00,Kitchen,0.374
2026-09-24 02:30:00,Laundry,0.271
2026-09-24 02:30:00,HVAC,1.571
2026-09-24 02:30:00,Process,1.045
2026-09-24 02:30:00,Lighting,0.387
2026-09-24 02:45:00,Kitchen,0.465
2026-09-24 02:45:00,Laundry,0.290
2026-09-24 02:45:00,HVAC,1.600
2026-09-24 02:45:00,Process,0.959
2026-09-24 02:45:00,Lighting,0.388
2026-09-24 03:00:00,Kitchen,0.369
2026-09-24 03:00:00,Laundry,0.270
2026-09-24 03:00:00,HVAC,1.773
2026-09-24 03:00:00,Process,1.241
2026-09-24 03:00:00,Lighting,0.334
2026-09-24 03:15:00,Kitchen,0.455
2026-09-24 03:15:00,Laundry,0.305
2026-09-24 03:15:00,HVAC,1.570
2026-09-24 03:15:00,Process,1.163
2026-09-24 03:15:00,Lighting,0.337
2026-09-24 03:30:00,Kitchen,0.432
2026-09-24 03:30:00,Laundry,0.263
2026-09-24 03:30:00,HVAC,1.764
2026-09-24 03:30:00,Process,1.120
2026-09-24 03:30:00,Lighting,0.385
2026-09-24 03:45:00,Kitchen,0.380
2026-09-24 03:45:00,Laundry,0.243
2026-09-24 03:45:00,HVAC,1.722
2026-09-24 03:45:00,Process,0.997
2026-09-24 03:45:00,Lighting,0.337
2026-09-24 04:00:00,Kitchen,0.477
2026-09-24 04:00:00,Laundry,0.245
2026-09-24 04:00:00,HVAC,1.707
2026-09-24 04:00:00,Process,1.073
2026-09-24 04:00:00,Lighting,0.412
2026-09-24 04:15:00,Kitchen,0.458
2026-09-24 04:15:00,Laundry,0.298
2026-09-24 04:15:00,HVAC,1.698
2026-09-24 04:15:00,Process,1.176
2026-09-24 04:15:00,Lighting,0.387
2026-09-24 04:30:00,Kitchen,0.402
2026-09-24 04:30:00,Laundry,0.282
2026-09-24 04:30:00,HVAC,1.744
2026-09-24 04:30:00,Process,0.966
2026-09-24 04:30:00,Lighting,0.415
2026-09-24 04:45:00,Kitchen,0.389
2026-09-24 04:45:00,Laundry,0.269
2026-09-24 04:45:00,HVAC,1.733
2026-09-24 04:45:00,Process,1.164
2026-09-24 04:45:00,Lighting,0.368
2026-09-24 05:00:00,Kitchen,0.401
2026-09-24 05:00:00,Laundry,0.279
2026-09-24 05:00:00,HVAC,1.452
2026-09-24 05:00:00,Process,1.086
2026-09-24 05:00:00,Lighting,0.333
2026-09-24 05:15:00,Kitchen,0.411
2026-09-24 05:15:00,Laundry,0.296
2026-09-24 05:15:00,HVAC,1.518
2026-09-24 05:15:00,Process,1.181
2026-09-24 05:15:00,Lighting,0.335
2026-09-24 05:30:00,Kitchen,0.402
2026-09-24 05:30:00,Laundry,0.249
2026-09-24 05:30:00,HVAC,1.783
2026-09-24 05:30:00,Process,1.154
2026-09-24 05:30:00,Lighting,0.429
2026-09-24 05:45:00,Kitchen,0.426
2026-09-24 05:45:00,Laundry,0.316
2026-09-24 05:45:00,HVAC,1.558
2026-09-24 05:45:00,Process,1.133
2026-09-24 05:45:00,Lighting,0.354
2026-09-24 06:00:00,Kitchen,1.143
2026-09-24 06:00:00,Laundry,0.656
2026-09-24 06:00:00,HVAC,2.113
2026-09-24 06:00:00,Process,4.084
2026-09-24 06:00:00,Lighting,1.323
2026-09-24 06:15:00,Kitchen,0.958
2026-09-24 06:15:00,Laundry,0.673
2026-09-24 06:15:00,HVAC,2.355
2026-09-24 06:15:00,Process,4.000
2026-09-24 06:15:00,Lighting,1.236
2026-09-24 06:30:00,Kitchen,1.046
2026-09-24 06:30:00,Laundry,0.603
2026-09-24 06:30:00,HVAC,2.117
2026-09-24 06:30:00,Process,4.447
2026-09-24 06:30:00,Lighting,1.503
2026-09-24 06:45:00,Kitchen,1.154
2026-09-24 06:45:00,Laundry,0.676
2026-09-24 06:45:00,HVAC,2.550
2026-09-24 06:45:00,Process,3.706
2026-09-24 06:45:00,Lighting,1.315
2026-09-24 07:00:00,Kitchen,3.120
2026-09-24 07:00:00,Laundry,0.646
2026-09-24 07:00:00,HVAC,2.502
2026-09-24 07:00:00,Process,4.136
2026-09-24 07:00:00,Lighting,1.250
2026-09-24 07:15:00,Kitchen,3.325
2026-09-24 07:15:00,Laundry,0.737
2026-09-24 07:15:00,HVAC,2.361
2026-09-24 07:15:00,Process,4.697
2026-09-24 07:15:00,Lighting,1.390
2026-09-24 07:30:00,Kitchen,3.270
2026-09-24 07:30:00,Laundry,0.710
2026-09-24 07:30:00,HVAC,2.269
2026-09-24 07:30:00,Process,4.125
2026-09-24 07:30:00,Lighting,1.165
2026-09-24 07:45:00,Kitchen,3.761
2026-09-24 07:45:00,Laundry,0.607
2026-09-24 07:45:00,HVAC,2.436
2026-09-24 07:45:00,Process,4.700
2026-09-24 07:45:00,Lighting,1.292
2026-09-24 08:00:00,Kitchen,3.399
2026-09-24 08:00:00,Laundry,2.647
2026-09-24 08:00:00,HVAC,2.294
2026-09-24 08:00:00,Process,8.363
2026-09-24 08:00:00,Lighting,1.474
2026-09-24 08:15:00,Kitchen,3.342
2026-09-24 08:15:00,Laundry,2.624
2026-09-24 08:15:00,HVAC,2.784
2026-09-24 08:15:00,Process,8.856
2026-09-24 08:15:00,Lighting,1.295
2026-09-24 08:30:00,Kitchen,3.089
2026-09-24 08:30:00,Laundry,2.788
2026-09-24 08:30:00,HVAC,2.574
2026-09-24 08:30:00,Process,8.384
2026-09-24 08:30:00,Lighting,1.239
2026-09-24 08:45:00,Kitchen,3.296
2026-09-24 08:45:00,Laundry,2.844
2026-09-24 08:45:00,HVAC,3.310
2026-09-24 08:45:00,Process,7.915
2026-09-24 08:45:00,Lighting,1.186
2026-09-24 09:00:00,Kitchen,3.446
2026-09-24 09:00:00,Laundry,2.342
2026-09-24 09:00:00,HVAC,3.451
2026-09-24 09:00:00,Process,8.475
2026-09-24 09:00:00,Lighting,1.494
2026-09-24 09:15:00,Kitchen,3.628
2026-09-24 09:15:00,Laundry,2.402
2026-09-24 09:15:00,HVAC,3.744
2026-09-24 09:15:00,Process,7.982
2026-09-24 09:15:00,Lighting,1.413
2026-09-24 09:30:00,Kitchen,1.009
2026-09-24 09:30:00,Laundry,2.499
2026-09-24 09:30:00,HVAC,3.756
2026-09-24 09:30:00,Process,8.769
2026-09-24 09:30:00,Lighting,1.515
2026-09-24 09:45:00,Kitchen,1.098
2026-09-24 09:45:00,Laundry,2.318
2026-09-24 09:45:00,HVAC,4.110
2026-09-24 09:45:00,Process,8.852
2026-09-24 09:45:00,Lighting,1.442
2026-09-24 10:00:00,Kitchen,0.903
2026-09-24 10:00:00,Laundry,2.620
2026-09-24 10:00:00,HVAC,3.797
2026-09-24 10:00:00,Process,8.104
2026-09-24 10:00:00,Lighting,1.312
2026-09-24 10:15:00,Kitchen,0.996
2026-09-24 10:15:00,Laundry,2.890
2026-09-24 10:15:00,HVAC,5.095
2026-09-24 10:15:00,Process,7.316
2026-09-24 10:15:00,Lighting,1.539
2026-09-24 10:30:00,Kitchen,0.958
2026-09-24 10:30:00,Laundry,2.247
2026-09-24 10:30:00,HVAC,4.803
2026-09-24 10:30:00,Process,7.786
2026-09-24 10:30:00,Lighting,1.471
2026-09-24 10:45:00,Kitchen,0.916
2026-09-24 10:45:00,Laundry,2.687
2026-09-24 10:45:00,HVAC,4.492
2026-09-24 10:45:00,Process,7.638
2026-09-24 10:45:00,Lighting,1.363
2026-09-24 11:00:00,Kitchen,1.010
2026-09-24 11:00:00,Laundry,2.522
2026-09-24 11:00:00,HVAC,4.553
2026-09-24 11:00:00,Process,7.139
2026-09-24 11:00:00,Lighting,1.201
2026-09-24 11:15:00,Kitchen,1.105
2026-09-24 11:15:00,Laundry,2.958
2026-09-24 11:15:00,HVAC,5.152
2026-09-24 11:15:00,Process,7.489
2026-09-24 11:15:00,Lighting,1.526
2026-09-24 11:30:00,Kitchen,1.028
2026-09-24 11:30:00,Laundry,2.940
2026-09-24 11:30:00,HVAC,5.573
2026-09-24 11:30:00,Process,8.650
2026-09-24 11:30:00,Lighting,1.213
2026-09-24 11:45:00,Kitchen,0.985
2026-09-24 11:45:00,Laundry,2.298
2026-09-24 11:45:00,HVAC,4.889
2026-09-24 11:45:00,Process,8.826
2026-09-24 11:45:00,Lighting,1.424
2026-09-24 12:00:00,Kitchen,4.201
2026-09-24 12:00:00,Laundry,0.706
2026-09-24 12:00:00,HVAC,6.416
2026-09-24 12:00:00,Process,7.267
2026-09-24 12:00:00,Lighting,1.251
2026-09-24 12:15:00,Kitchen,4.783
2026-09-24 12:15:00,Laundry,0.691
2026-09-24 12:15:00,HVAC,5.175
2026-09-24 12:15:00,Process,7.574
2026-09-24 12:15:00,Lighting,1.244
2026-09-24 12:30:00,Kitchen,3.960
2026-09-24 12:30:00,Laundry,0.681
2026-09-24 12:30:00,HVAC,5.364
2026-09-24 12:30:00,Process,8.815
2026-09-24 12:30:00,Lighting,1.194
2026-09-24 12:45:00,Kitchen,3.977
2026-09-24 12:45:00,Laundry,0.688
2026-09-24 12:45:00,HVAC,6.482
2026-09-24 12:45:00,Process,7.133
2026-09-24 12:45:00,Lighting,1.236
2026-09-24 13:00:00,Kitchen,4.539
2026-09-24 13:00:00,Laundry,0.730
2026-09-24 13:00:00,HVAC,6.772
2026-09-24 13:00:00,Process,7.965
2026-09-24 13:00:00,Lighting,1.187
2026-09-24 13:15:00,Kitchen,4.674
2026-09-24 13:15:00,Laundry,0.691
2026-09-24 13:15:00,HVAC,5.972
2026-09-24 13:15:00,Process,7.292
2026-09-24 13:15:00,Lighting,1.251
2026-09-24 13:30:00,Kitchen,4.208
2026-09-24 13:30:00,Laundry,0.731
2026-09-24 13:30:00,HVAC,6.557
2026-09-24 13:30:00,Process,8.610
2026-09-24 13:30:00,Lighting,1.533
2026-09-24 13:45:00,Kitchen,4.466
2026-09-24 13:45:00,Laundry,0.612
2026-09-24 13:45:00,HVAC,5.838
2026-09-24 13:45:00,Process,7.566
2026-09-24 13:45:00,Lighting,1.442
2026-09-24 14:00:00,Kitchen,4.495
2026-09-24 14:00:00,Laundry,2.013
2026-09-24 14:00:00,HVAC,6.419
2026-09-24 14:00:00,Process,8.617
2026-09-24 14:00:00,Lighting,1.311
2026-09-24 14:15:00,Kitchen,4.855
2026-09-24 14:15:00,Laundry,2.215
2026-09-24 14:15:00,HVAC,6.179
2026-09-24 14:15:00,Process,7.035
2026-09-24 14:15:00,Lighting,1.271
2026-09-24 14:30:00,Kitchen,1.071
2026-09-24 14:30:00,Laundry,2.215
2026-09-24 14:30:00,HVAC,58.400
2026-09-24 14:30:00,Process,7.567
2026-09-24 14:30:00,Lighting,1.495
2026-09-24 14:45:00,Kitchen,0.929
2026-09-24 14:45:00,Laundry,1.953
2026-09-24 14:45:00,HVAC,6.454
2026-09-24 14:45:00,Process,6.918
2026-09-24 14:45:00,Lighting,1.275
2026-09-24 15:00:00,Kitchen,0.964
2026-09-24 15:00:00,Laundry,2.181
2026-09-24 15:00:00,HVAC,6.366
2026-09-24 15:00:00,Process,8.453
2026-09-24 15:00:00,Lighting,1.307
2026-09-24 15:15:00,Kitchen,1.182
2026-09-24 15:15:00,Laundry,2.168
2026-09-24 15:15:00,HVAC,5.488
2026-09-24 15:15:00,Process,8.765
2026-09-24 15:15:00,Lighting,1.302
2026-09-24 15:30:00,Kitchen,1.171
2026-09-24 15:30:00,Laundry,1.973
2026-09-24 15:30:00,HVAC,5.870
2026-09-24 15:30:00,Process,8.714
2026-09-24 15:30:00,Lighting,1.346
2026-09-24 15:45:00,Kitchen,1.089
2026-09-24 15:45:00,Laundry,2.073
2026-09-24 15:45:00,HVAC,6.532
2026-09-24 15:45:00,Process,7.825
2026-09-24 15:45:00,Lighting,1.358
2026-09-24 16:00:00,Kitchen,0.924
2026-09-24 16:00:00,Laundry,2.061
2026-09-24 16:00:00,HVAC,4.974
2026-09-24 16:00:00,Process,8.478
2026-09-24 16:00:00,Lighting,1.459
2026-09-24 16:15:00,Kitchen,1.006
2026-09-24 16:15:00,Laundry,2.145
2026-09-24 16:15:00,HVAC,5.728
2026-09-24 16:15:00,Process,6.809
2026-09-24 16:15:00,Lighting,1.505
2026-09-24 16:30:00,Kitchen,1.066
2026-09-24 16:30:00,Laundry,2.036
2026-09-24 16:30:00,HVAC,5.233
2026-09-24 16:30:00,Process,8.773
2026-09-24 16:30:00,Lighting,1.330
2026-09-24 16:45:00,Kitchen,1.041
2026-09-24 16:45:00,Laundry,2.105
2026-09-24 16:45:00,HVAC,4.883
2026-09-24 16:45:00,Process,8.662
2026-09-24 16:45:00,Lighting,1.226
2026-09-24 17:00:00,Kitchen,1.144
2026-09-24 17:00:00,Laundry,2.236
2026-09-24 17:00:00,HVAC,4.590
2026-09-24 17:00:00,Process,8.136
2026-09-24 17:00:00,Lighting,1.216
2026-09-24 17:15:00,Kitchen,1.013
2026-09-24 17:15:00,Laundry,1.941
2026-09-24 17:15:00,HVAC,4.924
2026-09-24 17:15:00,Process,7.611
2026-09-24 17:15:00,Lighting,1.449
2026-09-24 17:30:00,Kitchen,0.924
2026-09-24 17:30:00,Laundry,0.792
2026-09-24 17:30:00,HVAC,4.055
2026-09-24 17:30:00,Process,8.661
2026-09-24 17:30:00,Lighting,1.321
2026-09-24 17:45:00,Kitchen,1.121
2026-09-24 17:45:00,Laundry,0.794
2026-09-24 17:45:00,HVAC,5.105
2026-09-24 17:45:00,Process,7.306
2026-09-24 17:45:00,Lighting,1.469
2026-09-24 18:00:00,Kitchen,1.061
2026-09-24 18:00:00,Laundry,0.792
2026-09-24 18:00:00,HVAC,4.821
2026-09-24 18:00:00,Process,4.373
2026-09-24 18:00:00,Lighting,2.440
2026-09-24 18:15:00,Kitchen,1.054
2026-09-24 18:15:00,Laundry,0.688
2026-09-24 18:15:00,HVAC,4.019
2026-09-24 18:15:00,Process,4.299
2026-09-24 18:15:00,Lighting,2.243
2026-09-24 18:30:00,Kitchen,0.927
2026-09-24 18:30:00,Laundry,0.798
2026-09-24 18:30:00,HVAC,3.901
2026-09-24 18:30:00,Process,3.989
2026-09-24 18:30:00,Lighting,2.595
2026-09-24 18:45:00,Kitchen,1.013
2026-09-24 18:45:00,Laundry,0.731
2026-09-24 18:45:00,HVAC,3.729
2026-09-24 18:45:00,Process,3.964
2026-09-24 18:45:00,Lighting,2.525
2026-09-24 19:00:00,Kitchen,4.760
2026-09-24 19:00:00,Laundry,0.699
2026-09-24 19:00:00,HVAC,3.122
2026-09-24 19:00:00,Process,3.793
2026-09-24 19:00:00,Lighting,2.747
2026-09-24 19:15:00,Kitchen,5.759
2026-09-24 19:15:00,Laundry,0.790
2026-09-24 19:15:00,HVAC,3.147
2026-09-24 19:15:00,Process,3.744
2026-09-24 19:15:00,Lighting,2.483
2026-09-24 19:30:00,Kitchen,5.371
2026-09-24 19:30:00,Laundry,0.688
2026-09-24 19:30:00,HVAC,2.984
2026-09-24 19:30:00,Process,3.716
2026-09-24 19:30:00,Lighting,2.488
2026-09-24 19:45:00,Kitchen,4.837
2026-09-24 19:45:00,Laundry,0.666
2026-09-24 19:45:00,HVAC,2.503
2026-09-24 19:45:00,Process,4.378
2026-09-24 19:45:00,Lighting,2.182
2026-09-24 20:00:00,Kitchen,5.561
2026-09-24 20:00:00,Laundry,0.317
2026-09-24 20:00:00,HVAC,2.488
2026-09-24 20:00:00,Process,4.545
2026-09-24 20:00:00,Lighting,2.149
2026-09-24 20:15:00,Kitchen,6.007
2026-09-24 20:15:00,Laundry,0.299
2026-09-24 20:15:00,HVAC,2.641
2026-09-24 20:15:00,Process,3.982
2026-09-24 20:15:00,Lighting,2.135
2026-09-24 20:30:00,Kitchen,5.335
2026-09-24 20:30:00,Laundry,0.319
2026-09-24 20:30:00,HVAC,2.517
2026-09-24 20:30:00,Process,4.110
2026-09-24 20:30:00,Lighting,2.162
2026-09-24 20:45:00,Kitchen,5.198
2026-09-24 20:45:00,Laundry,0.256
2026-09-24 20:45:00,HVAC,2.674
2026-09-24 20:45:00,Process,4.251
2026-09-24 20:45:00,Lighting,2.486
2026-09-24 21:00:00,Kitchen,4.685
2026-09-24 21:00:00,Laundry,0.301
2026-09-24 21:00:00,HVAC,2.159
2026-09-24 21:00:00,Process,4.487
2026-09-24 21:00:00,Lighting,2.242
2026-09-24 21:15:00,Kitchen,5.090
2026-09-24 21:15:00,Laundry,0.311
2026-09-24 21:15:00,HVAC,2.227
2026-09-24 21:15:00,Process,4.018
2026-09-24 21:15:00,Lighting,2.790
2026-09-24 21:30:00,Kitchen,1.192
2026-09-24 21:30:00,Laundry,0.287
2026-09-24 21:30:00,HVAC,2.484
2026-09-24 21:30:00,Process,4.763
2026-09-24 21:30:00,Lighting,2.692
2026-09-24 21:45:00,Kitchen,1.189
2026-09-24 21:45:00,Laundry,0.318
2026-09-24 21:45:00,HVAC,2.391
2026-09-24 21:45:00,Process,4.437
2026-09-24 21:45:00,Lighting,2.156
2026-09-24 22:00:00,Kitchen,0.374
2026-09-24 22:00:00,Laundry,0.307
2026-09-24 22:00:00,HVAC,1.476
2026-09-24 22:00:00,Process,1.180
2026-09-24 22:00:00,Lighting,2.360
2026-09-24 22:15:00,Kitchen,0.373
2026-09-24 22:15:00,Laundry,0.269
2026-09-24 22:15:00,HVAC,1.460
2026-09-24 22:15:00,Process,1.168
2026-09-24 22:15:00,Lighting,2.325
2026-09-24 22:30:00,Kitchen,0.391
2026-09-24 22:30:00,Laundry,0.280
2026-09-24 22:30:00,HVAC,1.616
2026-09-24 22:30:00,Process,1.076
2026-09-24 22:30:00,Lighting,2.479
2026-09-24 22:45:00,Kitchen,0.443
2026-09-24 22:45:00,Laundry,0.307
2026-09-24 22:45:00,HVAC,1.761
2026-09-24 22:45:00,Process,1.045
2026-09-24 22:45:00,Lighting,2.452
2026-09-24 23:00:00,Kitchen,0.417
2026-09-24 23:00:00,Laundry,0.274
2026-09-24 23:00:00,HVAC,1.652
2026-09-24 23:00:00,Process,1.165
2026-09-24 23:00:00,Lighting,0.361
2026-09-24 23:15:00,Kitchen,0.454
2026-09-24 23:15:00,Laundry,0.311
2026-09-24 23:15:00,HVAC,1.602
2026-09-24 23:15:00,Process,1.218
2026-09-24 23:15:00,Lighting,0.395
2026-09-24 23:30:00,Kitchen,0.439
2026-09-24 23:30:00,Laundry,0.273
2026-09-24 23:30:00,HVAC,1.713
2026-09-24 23:30:00,Process,1.236
2026-09-24 23:30:00,Lighting,0.372
2026-09-24 23:45:00,Kitchen,0.456
2026-09-24 23:45:00,Laundry,0.264
2026-09-24 23:45:00,HVAC,1.675
2026-09-24 23:45:00,Process,1.232
2026-09-24 23:45:00,Lighting,0.411
2026-09-25 00:00:00,Kitchen,0.407
2026-09-25 00:00:00,Laundry,0.241
2026-09-25 00:00:00,HVAC,1.503
2026-09-25 00:00:00,Process,1.009
2026-09-25 00:00:00,Lighting,0.346
2026-09-25 00:15:00,Kitchen,0.451
2026-09-25 00:15:00,Laundry,0.249
2026-09-25 00:15:00,HVAC,1.563
2026-09-25 00:15:00,Process,1.216
2026-09-25 00:15:00,Lighting,0.396
2026-09-25 00:30:00,Kitchen,0.478
2026-09-25 00:30:00,Laundry,0.260
2026-09-25 00:30:00,HVAC,1.671
2026-09-25 00:30:00,Process,1.187
2026-09-25 00:30:00,Lighting,0.384
2026-09-25 00:45:00,Kitchen,0.419
2026-09-25 00:45:00,Laundry,0.312
2026-09-25 00:45:00,HVAC,1.434
2026-09-25 00:45:00,Process,0.987
2026-09-25 00:45:00,Lighting,0.407
2026-09-25 01:00:00,Kitchen,0.463
2026-09-25 01:00:00,Laundry,0.289
2026-09-25 01:00:00,HVAC,1.635
2026-09-25 01:00:00,Process,1.154
2026-09-25 01:00:00,Lighting,0.398
2026-09-25 01:15:00,Kitchen,0.404
2026-09-25 01:15:00,Laundry,0.319
2026-09-25 01:15:00,HVAC,1.409
2026-09-25 01:15:00,Process,1.022
2026-09-25 01:15:00,Lighting,0.352
2026-09-25 01:30:00,Kitchen,0.417
2026-09-25 01:30:00,Laundry,0.267
2026-09-25 01:30:00,HVAC,1.560
2026-09-25 01:30:00,Process,1.195
2026-09-25 01:30:00,Lighting,0.350
2026-09-25 01:45:00,Kitchen,0.460
2026-09-25 01:45:00,Laundry,0.282
2026-09-25 01:45:00,HVAC,1.525
2026-09-25 01:45:00,Process,1.216
2026-09-25 01:45:00,Lighting,0.342
2026-09-25 02:00:00,Kitchen,0.370
2026-09-25 02:00:00,Laundry,0.297
2026-09-25 02:00:00,HVAC,1.662
2026-09-25 02:00:00,Process,1.021
2026-09-25 02:00:00,Lighting,0.412
2026-09-25 02:15:00,Kitchen,0.479
2026-09-25 02:15:00,Laundry,0.280
2026-09-25 02:15:00,HVAC,1.736
2026-09-25 02:15:00,Process,1.194
2026-09-25 02:15:00,Lighting,0.409
2026-09-25 02:30:00,Kitchen,0.420
2026-09-25 02:30:00,Laundry,0.313
2026-09-25 02:30:00,HVAC,1.395
2026-09-25 02:30:00,Process,1.028
2026-09-25 02:30:00,Lighting,0.370
2026-09-25 02:45:00,Kitchen,0.415
2026-09-25 02:45:00,Laundry,0.318
2026-09-25 02:45:00,HVAC,1.586
2026-09-25 02:45:00,Process,1.003
2026-09-25 02:45:00,Lighting,0.405
2026-09-25 03:00:00,Kitchen,0.414
2026-09-25 03:00:00,Laundry,0.287
2026-09-25 03:00:00,HVAC,1.443
2026-09-25 03:00:00,Process,1.156
2026-09-25 03:00:00,Lighting,0.408
2026-09-25 03:15:00,Kitchen,0.371
2026-09-25 03:15:00,Laundry,0.282
2026-09-25 03:15:00,HVAC,1.718
2026-09-25 03:15:00,Process,1.211
2026-09-25 03:15:00,Lighting,0.337
2026-09-25 03:30:00,Kitchen,0.368
2026-09-25 03:30:00,Laundry,0.296
2026-09-25 03:30:00,HVAC,1.469
2026-09-25 03:30:00,Process,0.964
2026-09-25 03:30:00,Lighting,0.355
2026-09-25 03:45:00,Kitchen,0.423
2026-09-25 03:45:00,Laundry,0.307
2026-09-25 03:45:00,HVAC,1.408
2026-09-25 03:45:00,Process,1.017
2026-09-25 03:45:00,Lighting,0.331
2026-09-25 04:00:00,Kitchen,0.376
2026-09-25 04:00:00,Laundry,0.260
2026-09-25 04:00:00,HVAC,1.603
2026-09-25 04:00:00,Process,0.981
2026-09-25 04:00:00,Lighting,0.394
2026-09-25 04:15:00,Kitchen,0.413
2026-09-25 04:15:00,Laundry,0.296
2026-09-25 04:15:00,HVAC,1.690
2026-09-25 04:15:00,Process,0.994
2026-09-25 04:15:00,Lighting,0.424
2026-09-25 04:30:00,Kitchen,0.385
2026-09-25 04:30:00,Laundry,0.255
2026-09-25 04:30:00,HVAC,1.529
2026-09-25 04:30:00,Process,1.254
2026-09-25 04:30:00,Lighting,0.360
2026-09-25 04:45:00,Kitchen,0.404
2026-09-25 04:45:00,Laundry,0.278
2026-09-25 04:45:00,HVAC,1.509
2026-09-25 04:45:00,Process,1.130
2026-09-25 04:45:00,Lighting,0.397
2026-09-25 05:00:00,Kitchen,0.394
2026-09-25 05:00:00,Laundry,0.258
2026-09-25 05:00:00,HVAC,1.518
2026-09-25 05:00:00,Process,1.170
2026-09-25 05:00:00,Lighting,0.364
2026-09-25 05:15:00,Kitchen,0.416
2026-09-25 05:15:00,Laundry,0.285
2026-09-25 05:15:00,HVAC,1.392
2026-09-25 05:15:00,Process,1.131
2026-09-25 05:15:00,Lighting,0.408
2026-09-25 05:30:00,Kitchen,0.434
2026-09-25 05:30:00,Laundry,0.305
2026-09-25 05:30:00,HVAC,1.655
2026-09-25 05:30:00,Process,1.022
2026-09-25 05:30:00,Lighting,0.368
2026-09-25 05:45:00,Kitchen,0.413
2026-09-25 05:45:00,Laundry,0.302
2026-09-25 05:45:00,HVAC,1.652
2026-09-25 05:45:00,Process,0.986
2026-09-25 05:45:00,Lighting,0.398
2026-09-25 06:00:00,Kitchen,1.181
2026-09-25 06:00:00,Laundry,0.677
2026-09-25 06:00:00,HVAC,2.212
2026-09-25 06:00:00,Process,4.642
2026-09-25 06:00:00,Lighting,1.475
2026-09-25 06:15:00,Kitchen,1.167
2026-09-25 06:15:00,Laundry,0.602
2026-09-25 06:15:00,HVAC,2.134
2026-09-25 06:15:00,Process,4.659
2026-09-25 06:15:00,Lighting,1.468
2026-09-25 06:30:00,Kitchen,1.066
2026-09-25 06:30:00,Laundry,0.690
2026-09-25 06:30:00,HVAC,2.144
2026-09-25 06:30:00,Process,4.139
2026-09-25 06:30:00,Lighting,1.290
2026-09-25 06:45:00,Kitchen,1.146
2026-09-25 06:45:00,Laundry,0.708
2026-09-25 06:45:00,HVAC,2.343
2026-09-25 06:45:00,Process,4.552
2026-09-25 06:45:00,Lighting,1.235
2026-09-25 07:00:00,Kitchen,3.837
2026-09-25 07:00:00,Laundry,0.708
2026-09-25 07:00:00,HVAC,2.169
2026-09-25 07:00:00,Process,4.655
2026-09-25 07:00:00,Lighting,1.520
2026-09-25 07:15:00,Kitchen,3.491
2026-09-25 07:15:00,Laundry,0.608
2026-09-25 07:15:00,HVAC,2.276
2026-09-25 07:15:00,Process,4.234
2026-09-25 07:15:00,Lighting,1.301
2026-09-25 07:30:00,Kitchen,3.721
2026-09-25 07:30:00,Laundry,0.700
2026-09-25 07:30:00,HVAC,2.453
2026-09-25 07:30:00,Process,4.326
2026-09-25 07:30:00,Lighting,1.405
2026-09-25 07:45:00,Kitchen,3.871
2026-09-25 07:45:00,Laundry,0.608
2026-09-25 07:45:00,HVAC,2.651
2026-09-25 07:45:00,Process,4.553
2026-09-25 07:45:00,Lighting,1.256
2026-09-25 08:00:00,Kitchen,3.797
2026-09-25 08:00:00,Laundry,2.605
2026-09-25 08:00:00,HVAC,2.330
2026-09-25 08:00:00,Process,7.980
2026-09-25 08:00:00,Lighting,1.266
2026-09-25 08:15:00,Kitchen,3.229
2026-09-25 08:15:00,Laundry,2.472
2026-09-25 08:15:00,HVAC,2.400
2026-09-25 08:15:00,Process,7.474
2026-09-25 08:15:00,Lighting,1.306
2026-09-25 08:30:00,Kitchen,3.234
2026-09-25 08:30:00,Laundry,2.381
2026-09-25 08:30:00,HVAC,3.263
2026-09-25 08:30:00,Process,7.570
2026-09-25 08:30:00,Lighting,1.203
2026-09-25 08:45:00,Kitchen,3.754
2026-09-25 08:45:00,Laundry,2.694
2026-09-25 08:45:00,HVAC,2.892
2026-09-25 08:45:00,Process,8.624
2026-09-25 08:45:00,Lighting,1.526
2026-09-25 09:00:00,Kitchen,3.424
2026-09-25 09:00:00,Laundry,2.592
2026-09-25 09:00:00,HVAC,3.287
2026-09-25 09:00:00,Process,8.627
2026-09-25 09:00:00,Lighting,1.309
2026-09-25 09:15:00,Kitchen,3.021
2026-09-25 09:15:00,Laundry,2.710
2026-09-25 09:15:00,HVAC,4.057
2026-09-25 09:15:00,Process,7.378
2026-09-25 09:15:00,Lighting,1.507
2026-09-25 09:30:00,Kitchen,1.001
2026-09-25 09:30:00,Laundry,2.599
2026-09-25 09:30:00,HVAC,4.154
2026-09-25 09:30:00,Process,7.526
2026-09-25 09:30:00,Lighting,1.444
2026-09-25 09:45:00,Kitchen,0.942
2026-09-25 09:45:00,Laundry,2.919
2026-09-25 09:45:00,HVAC,3.959
2026-09-25 09:45:00,Process,7.937
2026-09-25 09:45:00,Lighting,1.344
2026-09-25 10:00:00,Kitchen,1.151
2026-09-25 10:00:00,Laundry,2.871
2026-09-25 10:00:00,HVAC,4.874
2026-09-25 10:00:00,Process,8.168
2026-09-25 10:00:00,Lighting,1.462
2026-09-25 10:15:00,Kitchen,1.022
2026-09-25 10:15:00,Laundry,2.806
2026-09-25 10:15:00,HVAC,4.368
2026-09-25 10:15:00,Process,6.741
2026-09-25 10:15:00,Lighting,1.396
2026-09-25 10:30:00,Kitchen,1.184
2026-09-25 10:30:00,Laundry,2.305
2026-09-25 10:30:00,HVAC,4.732
2026-09-25 10:30:00,Process,7.041
2026-09-25 10:30:00,Lighting,1.440
2026-09-25 10:45:00,Kitchen,1.144
2026-09-25 10:45:00,Laundry,2.433
2026-09-25 10:45:00,HVAC,4.670
2026-09-25 10:45:00,Process,8.252
2026-09-25 10:45:00,Lighting,1.407
2026-09-25 11:00:00,Kitchen,1.066
2026-09-25 11:00:00,Laundry,2.649
2026-09-25 11:00:00,HVAC,4.663
2026-09-25 11:00:00,Process,7.570
2026-09-25 11:00:00,Lighting,1.221
2026-09-25 11:15:00,Kitchen,1.010
2026-09-25 11:15:00,Laundry,2.275
2026-09-25 11:15:00,HVAC,5.076
2026-09-25 11:15:00,Process,8.226
2026-09-25 11:15:00,Lighting,1.428
2026-09-25 11:30:00,Kitchen,1.077
2026-09-25 11:30:00,Laundry,2.351
2026-09-25 11:30:00,HVAC,5.195
2026-09-25 11:30:00,Process,7.045
2026-09-25 11:30:00,Lighting,1.262
2026-09-25 11:45:00,Kitchen,0.923
2026-09-25 11:45:00,Laundry,2.335
2026-09-25 11:45:00,HVAC,5.155
2026-09-25 11:45:00,Process,8.495
2026-09-25 11:45:00,Lighting,1.442
2026-09-25 12:00:00,Kitchen,4.394
2026-09-25 12:00:00,Laundry,0.634
2026-09-25 12:00:00,HVAC,6.354
2026-09-25 12:00:00,Process,6.974
2026-09-25 12:00:00,Lighting,1.497
2026-09-25 12:15:00,Kitchen,4.031
2026-09-25 12:15:00,Laundry,0.648
2026-09-25 12:15:00,HVAC,5.616
2026-09-25 12:15:00,Process,6.953
2026-09-25 12:15:00,Lighting,1.461
2026-09-25 12:30:00,Kitchen,4.325
2026-09-25 12:30:00,Laundry,0.747
2026-09-25 12:30:00,HVAC,5.343
2026-09-25 12:30:00,Process,7.916
2026-09-25 12:30:00,Lighting,1.315
2026-09-25 12:45:00,Kitchen,4.774
2026-09-25 12:45:00,Laundry,0.796
2026-09-25 12:45:00,HVAC,5.594
2026-09-25 12:45:00,Process,8.675
2026-09-25 12:45:00,Lighting,1.247
2026-09-25 13:00:00,Kitchen,4.544
2026-09-25 13:00:00,Laundry,0.761
2026-09-25 13:00:00,HVAC,6.183
2026-09-25 13:00:00,Process,8.435
2026-09-25 13:00:00,Lighting,1.501
2026-09-25 13:15:00,Kitchen,4.134
2026-09-25 13:15:00,Laundry,0.783
2026-09-25 13:15:00,HVAC,6.496
2026-09-25 13:15:00,Process,7.622
2026-09-25 13:15:00,Lighting,1.202
2026-09-25 13:30:00,Kitchen,5.159
2026-09-25 13:30:00,Laundry,0.709
2026-09-25 13:30:00,HVAC,6.555
2026-09-25 13:30:00,Process,7.660
2026-09-25 13:30:00,Lighting,1.375
2026-09-25 13:45:00,Kitchen,4.628
2026-09-25 13:45:00,Laundry,0.635
2026-09-25 13:45:00,HVAC,6.933
2026-09-25 13:45:00,Process,8.336
2026-09-25 13:45:00,Lighting,1.507
2026-09-25 14:00:00,Kitchen,5.064
2026-09-25 14:00:00,Laundry,2.016
2026-09-25 14:00:00,HVAC,6.325
2026-09-25 14:00:00,Process,7.324
2026-09-25 14:00:00,Lighting,1.467
2026-09-25 14:15:00,Kitchen,4.345
2026-09-25 14:15:00,Laundry,2.244
2026-09-25 14:15:00,HVAC,5.449
2026-09-25 14:15:00,Process,8.236
2026-09-25 14:15:00,Lighting,1.522
2026-09-25 14:30:00,Kitchen,1.170
2026-09-25 14:30:00,Laundry,2.106
2026-09-25 14:30:00,HVAC,6.937
2026-09-25 14:30:00,Process,6.990
2026-09-25 14:30:00,Lighting,1.361
2026-09-25 14:45:00,Kitchen,1.088
2026-09-25 14:45:00,Laundry,2.150
2026-09-25 14:45:00,HVAC,6.421
2026-09-25 14:45:00,Process,8.191
2026-09-25 14:45:00,Lighting,1.168
2026-09-25 15:00:00,Kitchen,1.001
2026-09-25 15:00:00,Laundry,2.054
2026-09-25 15:00:00,HVAC,6.243
2026-09-25 15:00:00,Process,7.542
2026-09-25 15:00:00,Lighting,1.388
2026-09-25 15:15:00,Kitchen,1.191
2026-09-25 15:15:00,Laundry,2.171
2026-09-25 15:15:00,HVAC,6.254
2026-09-25 15:15:00,Process,6.980
2026-09-25 15:15:00,Lighting,1.188
2026-09-25 15:30:00,Kitchen,0.920
2026-09-25 15:30:00,Laundry,1.834
2026-09-25 15:30:00,HVAC,5.582
2026-09-25 15:30:00,Process,6.785
2026-09-25 15:30:00,Lighting,1.294
2026-09-25 15:45:00,Kitchen,1.160
2026-09-25 15:45:00,Laundry,2.199
2026-09-25 15:45:00,HVAC,5.078
2026-09-25 15:45:00,Process,6.771
2026-09-25 15:45:00,Lighting,1.337
2026-09-25 16:00:00,Kitchen,1.005
2026-09-25 16:00:00,Laundry,2.096
2026-09-25 16:00:00,HVAC,5.142
2026-09-25 16:00:00,Process,7.199
2026-09-25 16:00:00,Lighting,1.426
2026-09-25 16:15:00,Kitchen,0.962
2026-09-25 16:15:00,Laundry,2.122
2026-09-25 16:15:00,HVAC,5.546
2026-09-25 16:15:00,Process,7.334
2026-09-25 16:15:00,Lighting,1.423
2026-09-25 16:30:00,Kitchen,1.032
2026-09-25 16:30:00,Laundry,2.266
2026-09-25 16:30:00,HVAC,4.910
2026-09-25 16:30:00,Process,7.937
2026-09-25 16:30:00,Lighting,1.362
2026-09-25 16:45:00,Kitchen,0.981
2026-09-25 16:45:00,Laundry,2.131
2026-09-25 16:45:00,HVAC,5.798
2026-09-25 16:45:00,Process,7.036
2026-09-25 16:45:00,Lighting,1.254
2026-09-25 17:00:00,Kitchen,1.008
2026-09-25 17:00:00,Laundry,1.967
2026-09-25 17:00:00,HVAC,5.553
2026-09-25 17:00:00,Process,8.550
2026-09-25 17:00:00,Lighting,1.507
2026-09-25 17:15:00,Kitchen,0.952
2026-09-25 17:15:00,Laundry,2.057
2026-09-25 17:15:00,HVAC,4.523
2026-09-25 17:15:00,Process,7.305
2026-09-25 17:15:00,Lighting,1.162
2026-09-25 17:30:00,Kitchen,1.050
2026-09-25 17:30:00,Laundry,0.619
2026-09-25 17:30:00,HVAC,4.156
2026-09-25 17:30:00,Process,8.611
2026-09-25 17:30:00,Lighting,1.394
2026-09-25 17:45:00,Kitchen,1.151
2026-09-25 17:45:00,Laundry,0.651
2026-09-25 17:45:00,HVAC,4.050
2026-09-25 17:45:00,Process,8.133
2026-09-25 17:45:00,Lighting,1.471
2026-09-25 18:00:00,Kitchen,1.168
2026-09-25 18:00:00,Laundry,0.775
2026-09-25 18:00:00,HVAC,4.025
2026-09-25 18:00:00,Process,3.773
2026-09-25 18:00:00,Lighting,2.536
2026-09-25 18:15:00,Kitchen,1.082
2026-09-25 18:15:00,Laundry,0.731
2026-09-25 18:15:00,HVAC,3.899
2026-09-25 18:15:00,Process,4.372
2026-09-25 18:15:00,Lighting,2.434
2026-09-25 18:30:00,Kitchen,1.003
2026-09-25 18:30:00,Laundry,0.605
2026-09-25 18:30:00,HVAC,4.115
2026-09-25 18:30:00,Process,4.432
2026-09-25 18:30:00,Lighting,2.581
2026-09-25 18:45:00,Kitchen,1.183
2026-09-25 18:45:00,Laundry,0.706
2026-09-25 18:45:00,HVAC,4.120
2026-09-25 18:45:00,Process,3.840
2026-09-25 18:45:00,Lighting,2.626
2026-09-25 19:00:00,Kitchen,5.320
2026-09-25 19:00:00,Laundry,0.779
2026-09-25 19:00:00,HVAC,3.096
2026-09-25 19:00:00,Process,4.700
2026-09-25 19:00:00,Lighting,2.297
2026-09-25 19:15:00,Kitchen,5.159
2026-09-25 19:15:00,Laundry,0.755
2026-09-25 19:15:00,HVAC,2.993
2026-09-25 19:15:00,Process,4.182
2026-09-25 19:15:00,Lighting,2.261
2026-09-25 19:30:00,Kitchen,4.936
2026-09-25 19:30:00,Laundry,0.632
2026-09-25 19:30:00,HVAC,2.920
2026-09-25 19:30:00,Process,4.746
2026-09-25 19:30:00,Lighting,2.428
2026-09-25 19:45:00,Kitchen,6.007
2026-09-25 19:45:00,Laundry,0.746
2026-09-25 19:45:00,HVAC,2.877
2026-09-25 19:45:00,Process,4.307
2026-09-25 19:45:00,Lighting,2.147
2026-09-25 20:00:00,Kitchen,5.137
2026-09-25 20:00:00,Laundry,0.291
2026-09-25 20:00:00,HVAC,2.413
2026-09-25 20:00:00,Process,3.745
2026-09-25 20:00:00,Lighting,2.296
2026-09-25 20:15:00,Kitchen,4.644
2026-09-25 20:15:00,Laundry,0.292
2026-09-25 20:15:00,HVAC,2.163
2026-09-25 20:15:00,Process,4.096
2026-09-25 20:15:00,Lighting,2.446
2026-09-25 20:30:00,Kitchen,5.260
2026-09-25 20:30:00,Laundry,0.310
2026-09-25 20:30:00,HVAC,2.138
2026-09-25 20:30:00,Process,4.357
2026-09-25 20:30:00,Lighting,2.376
2026-09-25 20:45:00,Kitchen,5.612
2026-09-25 20:45:00,Laundry,0.244
2026-09-25 20:45:00,HVAC,2.730
2026-09-25 20:45:00,Process,3.829
2026-09-25 20:45:00,Lighting,2.556
2026-09-25 21:00:00,Kitchen,5.559
2026-09-25 21:00:00,Laundry,0.246
2026-09-25 21:00:00,HVAC,2.422
2026-09-25 21:00:00,Process,4.710
2026-09-25 21:00:00,Lighting,2.760
2026-09-25 21:15:00,Kitchen,5.962
2026-09-25 21:15:00,Laundry,0.292
2026-09-25 21:15:00,HVAC,2.123
2026-09-25 21:15:00,Process,4.580
2026-09-25 21:15:00,Lighting,2.176
2026-09-25 21:30:00,Kitchen,1.096
2026-09-25 21:30:00,Laundry,0.259
2026-09-25 21:30:00,HVAC,2.133
2026-09-25 21:30:00,Process,3.788
2026-09-25 21:30:00,Lighting,2.385
2026-09-25 21:45:00,Kitchen,1.098
2026-09-25 21:45:00,Laundry,0.276
2026-09-25 21:45:00,HVAC,2.248
2026-09-25 21:45:00,Process,3.844
2026-09-25 21:45:00,Lighting,2.341
2026-09-25 22:00:00,Kitchen,0.375
2026-09-25 22:00:00,Laundry,0.281
2026-09-25 22:00:00,HVAC,1.699
2026-09-25 22:00:00,Process,0.955
2026-09-25 22:00:00,Lighting,2.704
2026-09-25 22:15:00,Kitchen,0.460
2026-09-25 22:15:00,Laundry,0.243
2026-09-25 22:15:00,HVAC,1.621
2026-09-25 22:15:00,Process,0.955
2026-09-25 22:15:00,Lighting,2.380
2026-09-25 22:30:00,Kitchen,0.477
2026-09-25 22:30:00,Laundry,0.241
2026-09-25 22:30:00,HVAC,1.486
2026-09-25 22:30:00,Process,1.184
2026-09-25 22:30:00,Lighting,2.416
2026-09-25 22:45:00,Kitchen,0.388
2026-09-25 22:45:00,Laundry,0.299
2026-09-25 22:45:00,HVAC,1.637
2026-09-25 22:45:00,Process,1.133
2026-09-25 22:45:00,Lighting,2.707
2026-09-25 23:00:00,Kitchen,0.430
2026-09-25 23:00:00,Laundry,0.251
2026-09-25 23:00:00,HVAC,1.670
2026-09-25 23:00:00,Process,1.050
2026-09-25 23:00:00,Lighting,0.397
2026-09-25 23:15:00,Kitchen,0.454
2026-09-25 23:15:00,Laundry,0.287
2026-09-25 23:15:00,HVAC,1.821
2026-09-25 23:15:00,Process,1.124
2026-09-25 23:15:00,Lighting,0.383
2026-09-25 23:30:00,Kitchen,0.472
2026-09-25 23:30:00,Laundry,0.294
2026-09-25 23:30:00,HVAC,1.379
2026-09-25 23:30:00,Process,1.084
2026-09-25 23:30:00,Lighting,0.413
2026-09-25 23:45:00,Kitchen,0.458
2026-09-25 23:45:00,Laundry,0.298
2026-09-25 23:45:00,HVAC,1.566
2026-09-25 23:45:00,Process,1.018
2026-09-25 23:45:00,Lighting,0.383
2026-09-26 00:00:00,Kitchen,0.442
2026-09-26 00:00:00,Laundry,0.196
2026-09-26 00:00:00,HVAC,1.435
2026-09-26 00:00:00,Process,0.521
2026-09-26 00:00:00,Lighting,0.409
2026-09-26 00:15:00,Kitchen,0.462
2026-09-26 00:15:00,Laundry,0.188
2026-09-26 00:15:00,HVAC,1.319
2026-09-26 00:15:00,Process,0.538
2026-09-26 00:15:00,Lighting,0.403
2026-09-26 00:30:00,Kitchen,0.405
2026-09-26 00:30:00,Laundry,0.213
2026-09-26 00:30:00,HVAC,1.282
2026-09-26 00:30:00,Process,0.575
2026-09-26 00:30:00,Lighting,0.413
2026-09-26 00:45:00,Kitchen,0.387
2026-09-26 00:45:00,Laundry,0.177
2026-09-26 00:45:00,HVAC,1.345
2026-09-26 00:45:00,Process,0.534
2026-09-26 00:45:00,Lighting,0.344
2026-09-26 01:00:00,Kitchen,0.443
2026-09-26 01:00:00,Laundry,0.176
2026-09-26 01:00:00,HVAC,1.553
2026-09-26 01:00:00,Process,0.478
2026-09-26 01:00:00,Lighting,0.355
2026-09-26 01:15:00,Kitchen,0.395
2026-09-26 01:15:00,Laundry,0.201
2026-09-26 01:15:00,HVAC,1.281
2026-09-26 01:15:00,Process,0.478
2026-09-26 01:15:00,Lighting,0.404
2026-09-26 01:30:00,Kitchen,0.365
2026-09-26 01:30:00,Laundry,0.205
2026-09-26 01:30:00,HVAC,1.610
2026-09-26 01:30:00,Process,0.514
2026-09-26 01:30:00,Lighting,0.352
2026-09-26 01:45:00,Kitchen,0.400
2026-09-26 01:45:00,Laundry,0.229
2026-09-26 01:45:00,HVAC,1.393
2026-09-26 01:45:00,Process,0.475
2026-09-26 01:45:00,Lighting,0.373
2026-09-26 02:00:00,Kitchen,0.443
2026-09-26 02:00:00,Laundry,0.181
2026-09-26 02:00:00,HVAC,1.511
2026-09-26 02:00:00,Process,0.535
2026-09-26 02:00:00,Lighting,0.388
2026-09-26 02:15:00,Kitchen,0.367
2026-09-26 02:15:00,Laundry,0.180
2026-09-26 02:15:00,HVAC,1.507
2026-09-26 02:15:00,Process,0.598
2026-09-26 02:15:00,Lighting,0.428
2026-09-26 02:30:00,Kitchen,0.423
2026-09-26 02:30:00,Laundry,0.202
2026-09-26 02:30:00,HVAC,1.533
2026-09-26 02:30:00,Process,0.516
2026-09-26 02:30:00,Lighting,0.340
2026-09-26 02:45:00,Kitchen,0.422
2026-09-26 02:45:00,Laundry,0.201
2026-09-26 02:45:00,HVAC,1.245
2026-09-26 02:45:00,Process,0.616
2026-09-26 02:45:00,Lighting,0.402
2026-09-26 03:00:00,Kitchen,0.470
2026-09-26 03:00:00,Laundry,0.179
2026-09-26 03:00:00,HVAC,1.626
2026-09-26 03:00:00,Process,0.494
2026-09-26 03:00:00,Lighting,0.426
2026-09-26 03:15:00,Kitchen,0.378
2026-09-26 03:15:00,Laundry,0.181
2026-09-26 03:15:00,HVAC,1.464
2026-09-26 03:15:00,Process,0.553
2026-09-26 03:15:00,Lighting,0.341
2026-09-26 03:30:00,Kitchen,0.374
2026-09-26 03:30:00,Laundry,0.206
2026-09-26 03:30:00,HVAC,1.598
2026-09-26 03:30:00,Process,0.509
2026-09-26 03:30:00,Lighting,0.401
2026-09-26 03:45:00,Kitchen,0.368
2026-09-26 03:45:00,Laundry,0.180
2026-09-26 03:45:00,HVAC,1.293
2026-09-26 03:45:00,Process,0.624
2026-09-26 03:45:00,Lighting,0.330
2026-09-26 04:00:00,Kitchen,0.396
2026-09-26 04:00:00,Laundry,0.220
2026-09-26 04:00:00,HVAC,1.249
2026-09-26 04:00:00,Process,0.495
2026-09-26 04:00:00,Lighting,0.432
2026-09-26 04:15:00,Kitchen,0.461
2026-09-26 04:15:00,Laundry,0.210
2026-09-26 04:15:00,HVAC,1.612
2026-09-26 04:15:00,Process,0.523
2026-09-26 04:15:00,Lighting,0.385
2026-09-26 04:30:00,Kitchen,0.438
2026-09-26 04:30:00,Laundry,0.177
2026-09-26 04:30:00,HVAC,1.365
2026-09-26 04:30:00,Process,0.603
2026-09-26 04:30:00,Lighting,0.370
2026-09-26 04:45:00,Kitchen,0.374
2026-09-26 04:45:00,Laundry,0.183
2026-09-26 04:45:00,HVAC,1.375
2026-09-26 04:45:00,Process,0.559
2026-09-26 04:45:00,Lighting,0.404
2026-09-26 05:00:00,Kitchen,0.430
2026-09-26 05:00:00,Laundry,0.198
2026-09-26 05:00:00,HVAC,1.359
2026-09-26 05:00:00,Process,0.520
2026-09-26 05:00:00,Lighting,0.415
2026-09-26 05:15:00,Kitchen,0.407
2026-09-26 05:15:00,Laundry,0.215
2026-09-26 05:15:00,HVAC,1.333
2026-09-26 05:15:00,Process,0.609
2026-09-26 05:15:00,Lighting,0.416
2026-09-26 05:30:00,Kitchen,0.412
2026-09-26 05:30:00,Laundry,0.195
2026-09-26 05:30:00,HVAC,1.311
2026-09-26 05:30:00,Process,0.525
2026-09-26 05:30:00,Lighting,0.369
2026-09-26 05:45:00,Kitchen,0.368
2026-09-26 05:45:00,Laundry,0.183
2026-09-26 05:45:00,HVAC,1.398
2026-09-26 05:45:00,Process,0.576
2026-09-26 05:45:00,Lighting,0.419
2026-09-26 06:00:00,Kitchen,1.153
2026-09-26 06:00:00,Laundry,0.561
2026-09-26 06:00:00,HVAC,2.077
2026-09-26 06:00:00,Process,0.578
2026-09-26 06:00:00,Lighting,1.345
2026-09-26 06:15:00,Kitchen,1.051
2026-09-26 06:15:00,Laundry,0.444
2026-09-26 06:15:00,HVAC,2.244
2026-09-26 06:15:00,Process,0.510
2026-09-26 06:15:00,Lighting,1.192
2026-09-26 06:30:00,Kitchen,1.038
2026-09-26 06:30:00,Laundry,0.538
2026-09-26 06:30:00,HVAC,1.893
2026-09-26 06:30:00,Process,0.528
2026-09-26 06:30:00,Lighting,1.201
2026-09-26 06:45:00,Kitchen,1.002
2026-09-26 06:45:00,Laundry,0.518
2026-09-26 06:45:00,HVAC,2.010
2026-09-26 06:45:00,Process,0.524
2026-09-26 06:45:00,Lighting,1.214
2026-09-26 07:00:00,Kitchen,3.782
2026-09-26 07:00:00,Laundry,0.547
2026-09-26 07:00:00,HVAC,2.037
2026-09-26 07:00:00,Process,0.590
2026-09-26 07:00:00,Lighting,1.223
2026-09-26 07:15:00,Kitchen,3.019
2026-09-26 07:15:00,Laundry,0.541
2026-09-26 07:15:00,HVAC,2.317
2026-09-26 07:15:00,Process,0.476
2026-09-26 07:15:00,Lighting,1.238
2026-09-26 07:30:00,Kitchen,3.173
2026-09-26 07:30:00,Laundry,0.482
2026-09-26 07:30:00,HVAC,1.937
2026-09-26 07:30:00,Process,0.594
2026-09-26 07:30:00,Lighting,1.307
2026-09-26 07:45:00,Kitchen,3.071
2026-09-26 07:45:00,Laundry,0.457
2026-09-26 07:45:00,HVAC,2.246
2026-09-26 07:45:00,Process,0.480
2026-09-26 07:45:00,Lighting,1.354
2026-09-26 08:00:00,Kitchen,3.753
2026-09-26 08:00:00,Laundry,1.986
2026-09-26 08:00:00,HVAC,2.195
2026-09-26 08:00:00,Process,1.541
2026-09-26 08:00:00,Lighting,1.082
2026-09-26 08:15:00,Kitchen,2.991
2026-09-26 08:15:00,Laundry,2.062
2026-09-26 08:15:00,HVAC,2.378
2026-09-26 08:15:00,Process,1.289
2026-09-26 08:15:00,Lighting,1.226
2026-09-26 08:30:00,Kitchen,2.984
2026-09-26 08:30:00,Laundry,2.097
2026-09-26 08:30:00,HVAC,2.245
2026-09-26 08:30:00,Process,1.244
2026-09-26 08:30:00,Lighting,1.132
2026-09-26 08:45:00,Kitchen,3.301
2026-09-26 08:45:00,Laundry,1.704
2026-09-26 08:45:00,HVAC,2.965
2026-09-26 08:45:00,Process,1.239
2026-09-26 08:45:00,Lighting,1.188
2026-09-26 09:00:00,Kitchen,3.620
2026-09-26 09:00:00,Laundry,1.763
2026-09-26 09:00:00,HVAC,3.351
2026-09-26 09:00:00,Process,1.432
2026-09-26 09:00:00,Lighting,0.952
2026-09-26 09:15:00,Kitchen,3.539
2026-09-26 09:15:00,Laundry,1.742
2026-09-26 09:15:00,HVAC,3.134
2026-09-26 09:15:00,Process,1.454
2026-09-26 09:15:00,Lighting,1.117
2026-09-26 09:30:00,Kitchen,1.037
2026-09-26 09:30:00,Laundry,2.074
2026-09-26 09:30:00,HVAC,3.386
2026-09-26 09:30:00,Process,1.520
2026-09-26 09:30:00,Lighting,1.210
2026-09-26 09:45:00,Kitchen,1.177
2026-09-26 09:45:00,Laundry,1.848
2026-09-26 09:45:00,HVAC,4.039
2026-09-26 09:45:00,Process,1.572
2026-09-26 09:45:00,Lighting,1.028
2026-09-26 10:00:00,Kitchen,1.008
2026-09-26 10:00:00,Laundry,1.711
2026-09-26 10:00:00,HVAC,3.552
2026-09-26 10:00:00,Process,1.501
2026-09-26 10:00:00,Lighting,1.204
2026-09-26 10:15:00,Kitchen,1.144
2026-09-26 10:15:00,Laundry,1.855
2026-09-26 10:15:00,HVAC,4.219
2026-09-26 10:15:00,Process,1.497
2026-09-26 10:15:00,Lighting,1.181
2026-09-26 10:30:00,Kitchen,0.988
2026-09-26 10:30:00,Laundry,2.061
2026-09-26 10:30:00,HVAC,4.458
2026-09-26 10:30:00,Process,1.467
2026-09-26 10:30:00,Lighting,1.200
2026-09-26 10:45:00,Kitchen,0.918
2026-09-26 10:45:00,Laundry,2.024
2026-09-26 10:45:00,HVAC,4.755
2026-09-26 10:45:00,Process,1.528
2026-09-26 10:45:00,Lighting,0.990
2026-09-26 11:00:00,Kitchen,1.024
2026-09-26 11:00:00,Laundry,1.760
2026-09-26 11:00:00,HVAC,4.110
2026-09-26 11:00:00,Process,1.324
2026-09-26 11:00:00,Lighting,1.161
2026-09-26 11:15:00,Kitchen,1.101
2026-09-26 11:15:00,Laundry,1.948
2026-09-26 11:15:00,HVAC,5.028
2026-09-26 11:15:00,Process,1.444
2026-09-26 11:15:00,Lighting,0.970
2026-09-26 11:30:00,Kitchen,1.084
2026-09-26 11:30:00,Laundry,1.922
2026-09-26 11:30:00,HVAC,5.469
2026-09-26 11:30:00,Process,1.286
2026-09-26 11:30:00,Lighting,1.060
2026-09-26 11:45:00,Kitchen,1.040
2026-09-26 11:45:00,Laundry,1.871
2026-09-26 11:45:00,HVAC,5.030
2026-09-26 11:45:00,Process,1.333
2026-09-26 11:45:00,Lighting,1.217
2026-09-26 12:00:00,Kitchen,5.664
2026-09-26 12:00:00,Laundry,0.568
2026-09-26 12:00:00,HVAC,4.958
2026-09-26 12:00:00,Process,1.332
2026-09-26 12:00:00,Lighting,1.183
2026-09-26 12:15:00,Kitchen,6.159
2026-09-26 12:15:00,Laundry,0.438
2026-09-26 12:15:00,HVAC,4.899
2026-09-26 12:15:00,Process,1.557
2026-09-26 12:15:00,Lighting,1.076
2026-09-26 12:30:00,Kitchen,5.703
2026-09-26 12:30:00,Laundry,0.440
2026-09-26 12:30:00,HVAC,4.690
2026-09-26 12:30:00,Process,1.585
2026-09-26 12:30:00,Lighting,1.101
2026-09-26 12:45:00,Kitchen,5.642
2026-09-26 12:45:00,Laundry,0.510
2026-09-26 12:45:00,HVAC,4.864
2026-09-26 12:45:00,Process,1.239
2026-09-26 12:45:00,Lighting,1.206
2026-09-26 13:00:00,Kitchen,5.101
2026-09-26 13:00:00,Laundry,0.500
2026-09-26 13:00:00,HVAC,4.749
2026-09-26 13:00:00,Process,1.325
2026-09-26 13:00:00,Lighting,1.221
2026-09-26 13:15:00,Kitchen,5.307
2026-09-26 13:15:00,Laundry,0.499
2026-09-26 13:15:00,HVAC,5.521
2026-09-26 13:15:00,Process,1.455
2026-09-26 13:15:00,Lighting,1.161
2026-09-26 13:30:00,Kitchen,5.718
2026-09-26 13:30:00,Laundry,0.439
2026-09-26 13:30:00,HVAC,4.897
2026-09-26 13:30:00,Process,1.333
2026-09-26 13:30:00,Lighting,1.179
2026-09-26 13:45:00,Kitchen,5.062
2026-09-26 13:45:00,Laundry,0.460
2026-09-26 13:45:00,HVAC,6.103
2026-09-26 13:45:00,Process,1.535
2026-09-26 13:45:00,Lighting,1.015
2026-09-26 14:00:00,Kitchen,4.896
2026-09-26 14:00:00,Laundry,1.689
2026-09-26 14:00:00,HVAC,6.058
2026-09-26 14:00:00,Process,0.554
2026-09-26 14:00:00,Lighting,1.033
2026-09-26 14:15:00,Kitchen,5.988
2026-09-26 14:15:00,Laundry,1.490
2026-09-26 14:15:00,HVAC,5.133
2026-09-26 14:15:00,Process,0.521
2026-09-26 14:15:00,Lighting,1.095
2026-09-26 14:30:00,Kitchen,1.078
2026-09-26 14:30:00,Laundry,1.714
2026-09-26 14:30:00,HVAC,6.056
2026-09-26 14:30:00,Process,0.599
2026-09-26 14:30:00,Lighting,1.043
2026-09-26 14:45:00,Kitchen,1.204
2026-09-26 14:45:00,Laundry,1.626
2026-09-26 14:45:00,HVAC,5.524
2026-09-26 14:45:00,Process,0.496
2026-09-26 14:45:00,Lighting,1.110
2026-09-26 15:00:00,Kitchen,1.142
2026-09-26 15:00:00,Laundry,1.375
2026-09-26 15:00:00,HVAC,5.890
2026-09-26 15:00:00,Process,0.521
2026-09-26 15:00:00,Lighting,0.931
2026-09-26 15:15:00,Kitchen,0.962
2026-09-26 15:15:00,Laundry,1.486
2026-09-26 15:15:00,HVAC,4.911
2026-09-26 15:15:00,Process,0.557
2026-09-26 15:15:00,Lighting,1.001
2026-09-26 15:30:00,Kitchen,1.108
2026-09-26 15:30:00,Laundry,1.637
2026-09-26 15:30:00,HVAC,5.404
2026-09-26 15:30:00,Process,0.571
2026-09-26 15:30:00,Lighting,1.053
2026-09-26 15:45:00,Kitchen,1.118
2026-09-26 15:45:00,Laundry,1.399
2026-09-26 15:45:00,HVAC,5.841
2026-09-26 15:45:00,Process,0.617
2026-09-26 15:45:00,Lighting,0.964
2026-09-26 16:00:00,Kitchen,1.014
2026-09-26 16:00:00,Laundry,1.371
2026-09-26 16:00:00,HVAC,5.088
2026-09-26 16:00:00,Process,0.541
2026-09-26 16:00:00,Lighting,0.973
2026-09-26 16:15:00,Kitchen,0.957
2026-09-26 16:15:00,Laundry,1.424
2026-09-26 16:15:00,HVAC,4.396
2026-09-26 16:15:00,Process,0.502
2026-09-26 16:15:00,Lighting,1.186
2026-09-26 16:30:00,Kitchen,1.044
2026-09-26 16:30:00,Laundry,1.604
2026-09-26 16:30:00,HVAC,5.058
2026-09-26 16:30:00,Process,0.589
2026-09-26 16:30:00,Lighting,0.939
2026-09-26 16:45:00,Kitchen,1.080
2026-09-26 16:45:00,Laundry,1.659
2026-09-26 16:45:00,HVAC,4.712
2026-09-26 16:45:00,Process,0.552
2026-09-26 16:45:00,Lighting,1.094
2026-09-26 17:00:00,Kitchen,1.075
2026-09-26 17:00:00,Laundry,1.507
2026-09-26 17:00:00,HVAC,3.981
2026-09-26 17:00:00,Process,0.621
2026-09-26 17:00:00,Lighting,0.957
2026-09-26 17:15:00,Kitchen,0.945
2026-09-26 17:15:00,Laundry,1.344
2026-09-26 17:15:00,HVAC,4.093
2026-09-26 17:15:00,Process,0.574
2026-09-26 17:15:00,Lighting,0.992
2026-09-26 17:30:00,Kitchen,1.154
2026-09-26 17:30:00,Laundry,0.522
2026-09-26 17:30:00,HVAC,4.527
2026-09-26 17:30:00,Process,0.588
2026-09-26 17:30:00,Lighting,1.144
2026-09-26 17:45:00,Kitchen,1.031
2026-09-26 17:45:00,Laundry,0.499
2026-09-26 17:45:00,HVAC,3.561
2026-09-26 17:45:00,Process,0.490
2026-09-26 17:45:00,Lighting,1.221
2026-09-26 18:00:00,Kitchen,1.016
2026-09-26 18:00:00,Laundry,0.439
2026-09-26 18:00:00,HVAC,3.475
2026-09-26 18:00:00,Process,0.582
2026-09-26 18:00:00,Lighting,2.280
2026-09-26 18:15:00,Kitchen,0.923
2026-09-26 18:15:00,Laundry,0.546
2026-09-26 18:15:00,HVAC,3.476
2026-09-26 18:15:00,Process,0.522
2026-09-26 18:15:00,Lighting,2.280
2026-09-26 18:30:00,Kitchen,1.179
2026-09-26 18:30:00,Laundry,0.496
2026-09-26 18:30:00,HVAC,3.549
2026-09-26 18:30:00,Process,0.543
2026-09-26 18:30:00,Lighting,2.312
2026-09-26 18:45:00,Kitchen,1.138
2026-09-26 18:45:00,Laundry,0.470
2026-09-26 18:45:00,HVAC,3.163
2026-09-26 18:45:00,Process,0.585
2026-09-26 18:45:00,Lighting,2.114
2026-09-26 19:00:00,Kitchen,5.906
2026-09-26 19:00:00,Laundry,0.525
2026-09-26 19:00:00,HVAC,3.049
2026-09-26 19:00:00,Process,0.539
2026-09-26 19:00:00,Lighting,2.784
2026-09-26 19:15:00,Kitchen,6.022
2026-09-26 19:15:00,Laundry,0.564
2026-09-26 19:15:00,HVAC,2.744
2026-09-26 19:15:00,Process,0.480
2026-09-26 19:15:00,Lighting,2.128
2026-09-26 19:30:00,Kitchen,4.950
2026-09-26 19:30:00,Laundry,0.554
2026-09-26 19:30:00,HVAC,2.715
2026-09-26 19:30:00,Process,0.484
2026-09-26 19:30:00,Lighting,2.221
2026-09-26 19:45:00,Kitchen,5.440
2026-09-26 19:45:00,Laundry,0.569
2026-09-26 19:45:00,HVAC,2.282
2026-09-26 19:45:00,Process,0.606
2026-09-26 19:45:00,Lighting,2.364
2026-09-26 20:00:00,Kitchen,6.091
2026-09-26 20:00:00,Laundry,0.203
2026-09-26 20:00:00,HVAC,1.880
2026-09-26 20:00:00,Process,0.590
2026-09-26 20:00:00,Lighting,2.138
2026-09-26 20:15:00,Kitchen,5.139
2026-09-26 20:15:00,Laundry,0.181
2026-09-26 20:15:00,HVAC,2.311
2026-09-26 20:15:00,Process,0.576
2026-09-26 20:15:00,Lighting,2.624
2026-09-26 20:30:00,Kitchen,5.193
2026-09-26 20:30:00,Laundry,0.211
2026-09-26 20:30:00,HVAC,2.052
2026-09-26 20:30:00,Process,0.552
2026-09-26 20:30:00,Lighting,2.404
2026-09-26 20:45:00,Kitchen,4.725
2026-09-26 20:45:00,Laundry,0.228
2026-09-26 20:45:00,HVAC,2.213
2026-09-26 20:45:00,Process,0.521
2026-09-26 20:45:00,Lighting,2.277
2026-09-26 21:00:00,Kitchen,6.122
2026-09-26 21:00:00,Laundry,0.197
2026-09-26 21:00:00,HVAC,1.994
2026-09-26 21:00:00,Process,0.613
2026-09-26 21:00:00,Lighting,2.355
2026-09-26 21:15:00,Kitchen,5.070
2026-09-26 21:15:00,Laundry,0.226
2026-09-26 21:15:00,HVAC,2.332
2026-09-26 21:15:00,Process,0.605
2026-09-26 21:15:00,Lighting,2.736
2026-09-26 21:30:00,Kitchen,0.976
2026-09-26 21:30:00,Laundry,0.181
2026-09-26 21:30:00,HVAC,1.879
2026-09-26 21:30:00,Process,0.489
2026-09-26 21:30:00,Lighting,2.737
2026-09-26 21:45:00,Kitchen,1.047
2026-09-26 21:45:00,Laundry,0.195
2026-09-26 21:45:00,HVAC,2.214
2026-09-26 21:45:00,Process,0.624
2026-09-26 21:45:00,Lighting,2.128
2026-09-26 22:00:00,Kitchen,0.396
2026-09-26 22:00:00,Laundry,0.194
2026-09-26 22:00:00,HVAC,1.528
2026-09-26 22:00:00,Process,0.546
2026-09-26 22:00:00,Lighting,2.730
2026-09-26 22:15:00,Kitchen,0.404
2026-09-26 22:15:00,Laundry,0.215
2026-09-26 22:15:00,HVAC,1.383
2026-09-26 22:15:00,Process,0.507
2026-09-26 22:15:00,Lighting,2.604
2026-09-26 22:30:00,Kitchen,0.362
2026-09-26 22:30:00,Laundry,0.222
2026-09-26 22:30:00,HVAC,1.379
2026-09-26 22:30:00,Process,0.596
2026-09-26 22:30:00,Lighting,2.193
2026-09-26 22:45:00,Kitchen,0.455
2026-09-26 22:45:00,Laundry,0.219
2026-09-26 22:45:00,HVAC,1.536
2026-09-26 22:45:00,Process,0.593
2026-09-26 22:45:00,Lighting,2.329
2026-09-26 23:00:00,Kitchen,0.406
2026-09-26 23:00:00,Laundry,0.194
2026-09-26 23:00:00,HVAC,1.507
2026-09-26 23:00:00,Process,0.488
2026-09-26 23:00:00,Lighting,0.423
2026-09-26 23:15:00,Kitchen,0.441
2026-09-26 23:15:00,Laundry,0.192
2026-09-26 23:15:00,HVAC,1.638
2026-09-26 23:15:00,Process,0.528
2026-09-26 23:15:00,Lighting,0.360
2026-09-26 23:30:00,Kitchen,0.421
2026-09-26 23:30:00,Laundry,0.178
2026-09-26 23:30:00,HVAC,1.242
2026-09-26 23:30:00,Process,0.586
2026-09-26 23:30:00,Lighting,0.390
2026-09-26 23:45:00,Kitchen,0.451
2026-09-26 23:45:00,Laundry,0.203
2026-09-26 23:45:00,HVAC,1.256
2026-09-26 23:45:00,Process,0.550
2026-09-26 23:45:00,Lighting,0.401
2026-09-27 00:00:00,Kitchen,0.395
2026-09-27 00:00:00,Laundry,0.208
2026-09-27 00:00:00,HVAC,1.279
2026-09-27 00:00:00,Process,0.581
2026-09-27 00:00:00,Lighting,0.416
2026-09-27 00:15:00,Kitchen,0.415
2026-09-27 00:15:00,Laundry,0.222
2026-09-27 00:15:00,HVAC,1.304
2026-09-27 00:15:00,Process,0.496
2026-09-27 00:15:00,Lighting,0.418
2026-09-27 00:30:00,Kitchen,0.468
2026-09-27 00:30:00,Laundry,0.221
2026-09-27 00:30:00,HVAC,1.394
2026-09-27 00:30:00,Process,0.474
2026-09-27 00:30:00,Lighting,0.354
2026-09-27 00:45:00,Kitchen,0.373
2026-09-27 00:45:00,Laundry,0.175
2026-09-27 00:45:00,HVAC,1.494
2026-09-27 00:45:00,Process,0.503
2026-09-27 00:45:00,Lighting,0.413
2026-09-27 01:00:00,Kitchen,0.461
2026-09-27 01:00:00,Laundry,0.217
2026-09-27 01:00:00,HVAC,1.592
2026-09-27 01:00:00,Process,0.474
2026-09-27 01:00:00,Lighting,0.338
2026-09-27 01:15:00,Kitchen,0.427
2026-09-27 01:15:00,Laundry,0.186
2026-09-27 01:15:00,HVAC,1.640
2026-09-27 01:15:00,Process,0.511
2026-09-27 01:15:00,Lighting,0.338
2026-09-27 01:30:00,Kitchen,0.375
2026-09-27 01:30:00,Laundry,0.192
2026-09-27 01:30:00,HVAC,1.350
2026-09-27 01:30:00,Process,0.565
2026-09-27 01:30:00,Lighting,0.330
2026-09-27 01:45:00,Kitchen,0.425
2026-09-27 01:45:00,Laundry,0.198
2026-09-27 01:45:00,HVAC,1.598
2026-09-27 01:45:00,Process,0.536
2026-09-27 01:45:00,Lighting,0.391
2026-09-27 02:00:00,Kitchen,0.454
2026-09-27 02:00:00,Laundry,0.196
2026-09-27 02:00:00,HVAC,1.315
2026-09-27 02:00:00,Process,0.497
2026-09-27 02:00:00,Lighting,0.368
2026-09-27 02:15:00,Kitchen,0.404
2026-09-27 02:15:00,Laundry,0.190
2026-09-27 02:15:00,HVAC,1.384
2026-09-27 02:15:00,Process,0.607
2026-09-27 02:15:00,Lighting,0.358
2026-09-27 02:30:00,Kitchen,0.437
2026-09-27 02:30:00,Laundry,0.190
2026-09-27 02:30:00,HVAC,1.586
2026-09-27 02:30:00,Process,0.524
2026-09-27 02:30:00,Lighting,0.329
2026-09-27 02:45:00,Kitchen,0.425
2026-09-27 02:45:00,Laundry,0.190
2026-09-27 02:45:00,HVAC,1.520
2026-09-27 02:45:00,Process,0.622
2026-09-27 02:45:00,Lighting,0.391
2026-09-27 03:00:00,Kitchen,0.382
2026-09-27 03:00:00,Laundry,0.191
2026-09-27 03:00:00,HVAC,1.398
2026-09-27 03:00:00,Process,0.569
2026-09-27 03:00:00,Lighting,0.376
2026-09-27 03:15:00,Kitchen,0.454
2026-09-27 03:15:00,Laundry,0.222
2026-09-27 03:15:00,HVAC,1.562
2026-09-27 03:15:00,Process,0.560
2026-09-27 03:15:00,Lighting,0.415
2026-09-27 03:30:00,Kitchen,0.478
2026-09-27 03:30:00,Laundry,0.214
2026-09-27 03:30:00,HVAC,1.602
2026-09-27 03:30:00,Process,0.565
2026-09-27 03:30:00,Lighting,0.371
2026-09-27 03:45:00,Kitchen,0.468
2026-09-27 03:45:00,Laundry,0.201
2026-09-27 03:45:00,HVAC,1.633
2026-09-27 03:45:00,Process,0.526
2026-09-27 03:45:00,Lighting,0.361
2026-09-27 04:00:00,Kitchen,0.436
2026-09-27 04:00:00,Laundry,0.177
2026-09-27 04:00:00,HVAC,1.542
2026-09-27 04:00:00,Process,0.567
2026-09-27 04:00:00,Lighting,0.390
2026-09-27 04:15:00,Kitchen,0.381
2026-09-27 04:15:00,Laundry,0.178
2026-09-27 04:15:00,HVAC,1.251
2026-09-27 04:15:00,Process,0.491
2026-09-27 04:15:00,Lighting,0.345
2026-09-27 04:30:00,Kitchen,0.429
2026-09-27 04:30:00,Laundry,0.182
2026-09-27 04:30:00,HVAC,1.406
2026-09-27 04:30:00,Process,0.566
2026-09-27 04:30:00,Lighting,0.350
2026-09-27 04:45:00,Kitchen,0.412
2026-09-27 04:45:00,Laundry,0.188
2026-09-27 04:45:00,HVAC,1.577
2026-09-27 04:45:00,Process,0.556
2026-09-27 04:45:00,Lighting,0.403
2026-09-27 05:00:00,Kitchen,0.384
2026-09-27 05:00:00,Laundry,0.205
2026-09-27 05:00:00,HVAC,1.386
2026-09-27 05:00:00,Process,0.627
2026-09-27 05:00:00,Lighting,0.351
2026-09-27 05:15:00,Kitchen,0.372
2026-09-27 05:15:00,Laundry,0.202
2026-09-27 05:15:00,HVAC,1.494
2026-09-27 05:15:00,Process,0.478
2026-09-27 05:15:00,Lighting,0.388
2026-09-27 05:30:00,Kitchen,0.387
2026-09-27 05:30:00,Laundry,0.185
2026-09-27 05:30:00,HVAC,1.471
2026-09-27 05:30:00,Process,0.556
2026-09-27 05:30:00,Lighting,0.376
2026-09-27 05:45:00,Kitchen,0.361
2026-09-27 05:45:00,Laundry,0.181
2026-09-27 05:45:00,HVAC,1.504
2026-09-27 05:45:00,Process,0.507
2026-09-27 05:45:00,Lighting,0.389
2026-09-27 06:00:00,Kitchen,1.039
2026-09-27 06:00:00,Laundry,0.472
2026-09-27 06:00:00,HVAC,1.970
2026-09-27 06:00:00,Process,0.510
2026-09-27 06:00:00,Lighting,1.297
2026-09-27 06:15:00,Kitchen,0.982
2026-09-27 06:15:00,Laundry,0.473
2026-09-27 06:15:00,HVAC,2.305
2026-09-27 06:15:00,Process,0.479
2026-09-27 06:15:00,Lighting,1.517
2026-09-27 06:30:00,Kitchen,1.036
2026-09-27 06:30:00,Laundry,0.494
2026-09-27 06:30:00,HVAC,2.376
2026-09-27 06:30:00,Process,0.493
2026-09-27 06:30:00,Lighting,1.346
2026-09-27 06:45:00,Kitchen,0.996
2026-09-27 06:45:00,Laundry,0.486
2026-09-27 06:45:00,HVAC,2.452
2026-09-27 06:45:00,Process,0.553
2026-09-27 06:45:00,Lighting,1.276
2026-09-27 07:00:00,Kitchen,3.437
2026-09-27 07:00:00,Laundry,0.483
2026-09-27 07:00:00,HVAC,2.129
2026-09-27 07:00:00,Process,0.515
2026-09-27 07:00:00,Lighting,1.432
2026-09-27 07:15:00,Kitchen,3.827
2026-09-27 07:15:00,Laundry,0.572
2026-09-27 07:15:00,HVAC,2.407
2026-09-27 07:15:00,Process,0.492
2026-09-27 07:15:00,Lighting,1.354
2026-09-27 07:30:00,Kitchen,3.835
2026-09-27 07:30:00,Laundry,0.527
2026-09-27 07:30:00,HVAC,2.153
2026-09-27 07:30:00,Process,0.550
2026-09-27 07:30:00,Lighting,1.404
2026-09-27 07:45:00,Kitchen,3.712
2026-09-27 07:45:00,Laundry,0.485
2026-09-27 07:45:00,HVAC,2.015
2026-09-27 07:45:00,Process,0.626
2026-09-27 07:45:00,Lighting,1.240
2026-09-27 08:00:00,Kitchen,3.693
2026-09-27 08:00:00,Laundry,1.628
2026-09-27 08:00:00,HVAC,1.895
2026-09-27 08:00:00,Process,1.226
2026-09-27 08:00:00,Lighting,0.974
2026-09-27 08:15:00,Kitchen,3.282
2026-09-27 08:15:00,Laundry,2.099
2026-09-27 08:15:00,HVAC,2.324
2026-09-27 08:15:00,Process,1.328
2026-09-27 08:15:00,Lighting,0.999
2026-09-27 08:30:00,Kitchen,2.958
2026-09-27 08:30:00,Laundry,1.882
2026-09-27 08:30:00,HVAC,2.473
2026-09-27 08:30:00,Process,1.512
2026-09-27 08:30:00,Lighting,0.963
2026-09-27 08:45:00,Kitchen,2.961
2026-09-27 08:45:00,Laundry,1.612
2026-09-27 08:45:00,HVAC,3.173
2026-09-27 08:45:00,Process,1.391
2026-09-27 08:45:00,Lighting,1.029
2026-09-27 09:00:00,Kitchen,3.094
2026-09-27 09:00:00,Laundry,1.757
2026-09-27 09:00:00,HVAC,3.109
2026-09-27 09:00:00,Process,1.528
2026-09-27 09:00:00,Lighting,1.019
2026-09-27 09:15:00,Kitchen,3.700
2026-09-27 09:15:00,Laundry,1.939
2026-09-27 09:15:00,HVAC,3.269
2026-09-27 09:15:00,Process,1.246
2026-09-27 09:15:00,Lighting,1.017
2026-09-27 09:30:00,Kitchen,1.098
2026-09-27 09:30:00,Laundry,1.637
2026-09-27 09:30:00,HVAC,3.827
2026-09-27 09:30:00,Process,1.265
2026-09-27 09:30:00,Lighting,1.174
2026-09-27 09:45:00,Kitchen,1.139
2026-09-27 09:45:00,Laundry,1.976
2026-09-27 09:45:00,HVAC,3.823
2026-09-27 09:45:00,Process,1.258
2026-09-27 09:45:00,Lighting,1.144
2026-09-27 10:00:00,Kitchen,1.125
2026-09-27 10:00:00,Laundry,1.734
2026-09-27 10:00:00,HVAC,3.452
2026-09-27 10:00:00,Process,1.298
2026-09-27 10:00:00,Lighting,1.118
2026-09-27 10:15:00,Kitchen,0.985
2026-09-27 10:15:00,Laundry,1.736
2026-09-27 10:15:00,HVAC,4.043
2026-09-27 10:15:00,Process,1.567
2026-09-27 10:15:00,Lighting,1.131
2026-09-27 10:30:00,Kitchen,0.986
2026-09-27 10:30:00,Laundry,2.073
2026-09-27 10:30:00,HVAC,4.396
2026-09-27 10:30:00,Process,1.429
2026-09-27 10:30:00,Lighting,0.954
2026-09-27 10:45:00,Kitchen,1.060
2026-09-27 10:45:00,Laundry,2.025
2026-09-27 10:45:00,HVAC,4.999
2026-09-27 10:45:00,Process,1.429
2026-09-27 10:45:00,Lighting,1.024
2026-09-27 11:00:00,Kitchen,0.906
2026-09-27 11:00:00,Laundry,1.700
2026-09-27 11:00:00,HVAC,4.810
2026-09-27 11:00:00,Process,1.366
2026-09-27 11:00:00,Lighting,1.047
2026-09-27 11:15:00,Kitchen,1.105
2026-09-27 11:15:00,Laundry,2.056
2026-09-27 11:15:00,HVAC,4.085
2026-09-27 11:15:00,Process,1.450
2026-09-27 11:15:00,Lighting,1.168
2026-09-27 11:30:00,Kitchen,0.946
2026-09-27 11:30:00,Laundry,1.615
2026-09-27 11:30:00,HVAC,4.280
2026-09-27 11:30:00,Process,1.442
2026-09-27 11:30:00,Lighting,1.176
2026-09-27 11:45:00,Kitchen,0.966
2026-09-27 11:45:00,Laundry,1.735
2026-09-27 11:45:00,HVAC,5.432
2026-09-27 11:45:00,Process,1.495
2026-09-27 11:45:00,Lighting,1.212
2026-09-27 12:00:00,Kitchen,4.696
2026-09-27 12:00:00,Laundry,0.507
2026-09-27 12:00:00,HVAC,4.776
2026-09-27 12:00:00,Process,1.384
2026-09-27 12:00:00,Lighting,1.057
2026-09-27 12:15:00,Kitchen,5.182
2026-09-27 12:15:00,Laundry,0.470
2026-09-27 12:15:00,HVAC,5.946
2026-09-27 12:15:00,Process,1.276
2026-09-27 12:15:00,Lighting,1.100
2026-09-27 12:30:00,Kitchen,5.813
2026-09-27 12:30:00,Laundry,0.504
2026-09-27 12:30:00,HVAC,5.132
2026-09-27 12:30:00,Process,1.532
2026-09-27 12:30:00,Lighting,0.934
2026-09-27 12:45:00,Kitchen,4.728
2026-09-27 12:45:00,Laundry,0.548
2026-09-27 12:45:00,HVAC,5.935
2026-09-27 12:45:00,Process,1.368
2026-09-27 12:45:00,Lighting,1.221
2026-09-27 13:00:00,Kitchen,4.855
2026-09-27 13:00:00,Laundry,0.448
2026-09-27 13:00:00,HVAC,4.809
2026-09-27 13:00:00,Process,1.233
2026-09-27 13:00:00,Lighting,1.050
2026-09-27 13:15:00,Kitchen,5.423
2026-09-27 13:15:00,Laundry,0.543
2026-09-27 13:15:00,HVAC,4.904
2026-09-27 13:15:00,Process,1.435
2026-09-27 13:15:00,Lighting,1.191
2026-09-27 13:30:00,Kitchen,5.731
2026-09-27 13:30:00,Laundry,0.491
2026-09-27 13:30:00,HVAC,5.981
2026-09-27 13:30:00,Process,1.475
2026-09-27 13:30:00,Lighting,1.035
2026-09-27 13:45:00,Kitchen,5.971
2026-09-27 13:45:00,Laundry,0.502
2026-09-27 13:45:00,HVAC,6.043
2026-09-27 13:45:00,Process,1.326
2026-09-27 13:45:00,Lighting,1.218
2026-09-27 14:00:00,Kitchen,5.837
2026-09-27 14:00:00,Laundry,1.557
2026-09-27 14:00:00,HVAC,5.309
2026-09-27 14:00:00,Process,0.603
2026-09-27 14:00:00,Lighting,1.205
2026-09-27 14:15:00,Kitchen,5.326
2026-09-27 14:15:00,Laundry,1.584
2026-09-27 14:15:00,HVAC,5.946
2026-09-27 14:15:00,Process,0.622
2026-09-27 14:15:00,Lighting,0.985
2026-09-27 14:30:00,Kitchen,1.202
2026-09-27 14:30:00,Laundry,1.399
2026-09-27 14:30:00,HVAC,6.020
2026-09-27 14:30:00,Process,0.588
2026-09-27 14:30:00,Lighting,1.011
2026-09-27 14:45:00,Kitchen,1.331
2026-09-27 14:45:00,Laundry,1.593
2026-09-27 14:45:00,HVAC,4.856
2026-09-27 14:45:00,Process,0.564
2026-09-27 14:45:00,Lighting,1.081
2026-09-27 15:00:00,Kitchen,1.048
2026-09-27 15:00:00,Laundry,1.520
2026-09-27 15:00:00,HVAC,5.994
2026-09-27 15:00:00,Process,0.610
2026-09-27 15:00:00,Lighting,1.075
2026-09-27 15:15:00,Kitchen,0.993
2026-09-27 15:15:00,Laundry,1.336
2026-09-27 15:15:00,HVAC,5.834
2026-09-27 15:15:00,Process,0.492
2026-09-27 15:15:00,Lighting,1.061
2026-09-27 15:30:00,Kitchen,1.145
2026-09-27 15:30:00,Laundry,1.470
2026-09-27 15:30:00,HVAC,4.771
2026-09-27 15:30:00,Process,0.522
2026-09-27 15:30:00,Lighting,0.978
2026-09-27 15:45:00,Kitchen,1.037
2026-09-27 15:45:00,Laundry,1.327
2026-09-27 15:45:00,HVAC,5.906
2026-09-27 15:45:00,Process,0.570
2026-09-27 15:45:00,Lighting,1.193
2026-09-27 16:00:00,Kitchen,0.917
2026-09-27 16:00:00,Laundry,1.398
2026-09-27 16:00:00,HVAC,5.216
2026-09-27 16:00:00,Process,0.566
2026-09-27 16:00:00,Lighting,1.001
2026-09-27 16:15:00,Kitchen,0.911
2026-09-27 16:15:00,Laundry,1.479
2026-09-27 16:15:00,HVAC,5.057
2026-09-27 16:15:00,Process,0.616
2026-09-27 16:15:00,Lighting,1.141
2026-09-27 16:30:00,Kitchen,1.139
2026-09-27 16:30:00,Laundry,1.498
2026-09-27 16:30:00,HVAC,5.446
2026-09-27 16:30:00,Process,0.517
2026-09-27 16:30:00,Lighting,0.938
2026-09-27 16:45:00,Kitchen,1.072
2026-09-27 16:45:00,Laundry,1.576
2026-09-27 16:45:00,HVAC,4.085
2026-09-27 16:45:00,Process,0.553
2026-09-27 16:45:00,Lighting,1.005
2026-09-27 17:00:00,Kitchen,1.190
2026-09-27 17:00:00,Laundry,1.536
2026-09-27 17:00:00,HVAC,4.198
2026-09-27 17:00:00,Process,0.526
2026-09-27 17:00:00,Lighting,0.932
2026-09-27 17:15:00,Kitchen,1.126
2026-09-27 17:15:00,Laundry,1.398
2026-09-27 17:15:00,HVAC,4.523
2026-09-27 17:15:00,Process,0.537
2026-09-27 17:15:00,Lighting,1.152
2026-09-27 17:30:00,Kitchen,1.102
2026-09-27 17:30:00,Laundry,0.506
2026-09-27 17:30:00,HVAC,3.960
2026-09-27 17:30:00,Process,0.535
2026-09-27 17:30:00,Lighting,1.061
2026-09-27 17:45:00,Kitchen,1.138
2026-09-27 17:45:00,Laundry,0.573
2026-09-27 17:45:00,HVAC,4.105
2026-09-27 17:45:00,Process,0.570
2026-09-27 17:45:00,Lighting,1.167
2026-09-27 18:00:00,Kitchen,1.072
2026-09-27 18:00:00,Laundry,0.564
2026-09-27 18:00:00,HVAC,3.582
2026-09-27 18:00:00,Process,0.572
2026-09-27 18:00:00,Lighting,2.265
2026-09-27 18:15:00,Kitchen,1.105
2026-09-27 18:15:00,Laundry,0.449
2026-09-27 18:15:00,HVAC,3.689
2026-09-27 18:15:00,Process,0.568
2026-09-27 18:15:00,Lighting,2.540
2026-09-27 18:30:00,Kitchen,1.029
2026-09-27 18:30:00,Laundry,0.527
2026-09-27 18:30:00,HVAC,3.797
2026-09-27 18:30:00,Process,0.627
2026-09-27 18:30:00,Lighting,2.460
2026-09-27 18:45:00,Kitchen,1.014
2026-09-27 18:45:00,Laundry,0.509
2026-09-27 18:45:00,HVAC,3.486
2026-09-27 18:45:00,Process,0.496
2026-09-27 18:45:00,Lighting,2.413
2026-09-27 19:00:00,Kitchen,4.675
2026-09-27 19:00:00,Laundry,0.498
2026-09-27 19:00:00,HVAC,3.196
2026-09-27 19:00:00,Process,0.513
2026-09-27 19:00:00,Lighting,2.259
2026-09-27 19:15:00,Kitchen,5.027
2026-09-27 19:15:00,Laundry,0.562
2026-09-27 19:15:00,HVAC,2.815
2026-09-27 19:15:00,Process,0.480
2026-09-27 19:15:00,Lighting,2.235
2026-09-27 19:30:00,Kitchen,4.988
2026-09-27 19:30:00,Laundry,0.496
2026-09-27 19:30:00,HVAC,2.463
2026-09-27 19:30:00,Process,0.514
2026-09-27 19:30:00,Lighting,2.112
2026-09-27 19:45:00,Kitchen,5.439
2026-09-27 19:45:00,Laundry,0.461
2026-09-27 19:45:00,HVAC,2.237
2026-09-27 19:45:00,Process,0.569
2026-09-27 19:45:00,Lighting,2.485
2026-09-27 20:00:00,Kitchen,5.903
2026-09-27 20:00:00,Laundry,0.173
2026-09-27 20:00:00,HVAC,1.916
2026-09-27 20:00:00,Process,0.592
2026-09-27 20:00:00,Lighting,2.113
2026-09-27 20:15:00,Kitchen,5.511
2026-09-27 20:15:00,Laundry,0.222
2026-09-27 20:15:00,HVAC,2.449
2026-09-27 20:15:00,Process,0.546
2026-09-27 20:15:00,Lighting,2.265
2026-09-27 20:30:00,Kitchen,5.235
2026-09-27 20:30:00,Laundry,0.206
2026-09-27 20:30:00,HVAC,1.976
2026-09-27 20:30:00,Process,0.579
2026-09-27 20:30:00,Lighting,2.443
2026-09-27 20:45:00,Kitchen,5.692
2026-09-27 20:45:00,Laundry,0.186
2026-09-27 20:45:00,HVAC,2.023
2026-09-27 20:45:00,Process,0.544
2026-09-27 20:45:00,Lighting,2.125
2026-09-27 21:00:00,Kitchen,5.523
2026-09-27 21:00:00,Laundry,0.181
2026-09-27 21:00:00,HVAC,2.141
2026-09-27 21:00:00,Process,0.527
2026-09-27 21:00:00,Lighting,2.611
2026-09-27 21:15:00,Kitchen,4.952
2026-09-27 21:15:00,Laundry,0.214
2026-09-27 21:15:00,HVAC,2.245
2026-09-27 21:15:00,Process,0.503
2026-09-27 21:15:00,Lighting,2.449
2026-09-27 21:30:00,Kitchen,0.927
2026-09-27 21:30:00,Laundry,0.218
2026-09-27 21:30:00,HVAC,2.406
2026-09-27 21:30:00,Process,0.621
2026-09-27 21:30:00,Lighting,2.647
2026-09-27 21:45:00,Kitchen,0.948
2026-09-27 21:45:00,Laundry,0.196
2026-09-27 21:45:00,HVAC,2.276
2026-09-27 21:45:00,Process,0.531
2026-09-27 21:45:00,Lighting,2.639
2026-09-27 22:00:00,Kitchen,0.453
2026-09-27 22:00:00,Laundry,0.208
2026-09-27 22:00:00,HVAC,1.350
2026-09-27 22:00:00,Process,0.503
2026-09-27 22:00:00,Lighting,2.430
2026-09-27 22:15:00,Kitchen,0.369
2026-09-27 22:15:00,Laundry,0.176
2026-09-27 22:15:00,HVAC,1.438
2026-09-27 22:15:00,Process,0.618
2026-09-27 22:15:00,Lighting,2.341
2026-09-27 22:30:00,Kitchen,0.396
2026-09-27 22:30:00,Laundry,0.211
2026-09-27 22:30:00,HVAC,1.407
2026-09-27 22:30:00,Process,0.513
2026-09-27 22:30:00,Lighting,2.462
2026-09-27 22:45:00,Kitchen,0.457
2026-09-27 22:45:00,Laundry,0.203
2026-09-27 22:45:00,HVAC,1.426
2026-09-27 22:45:00,Process,0.603
2026-09-27 22:45:00,Lighting,2.115
2026-09-27 23:00:00,Kitchen,0.390
2026-09-27 23:00:00,Laundry,0.227
2026-09-27 23:00:00,HVAC,1.300
2026-09-27 23:00:00,Process,0.616
2026-09-27 23:00:00,Lighting,0.362
2026-09-27 23:15:00,Kitchen,0.378
2026-09-27 23:15:00,Laundry,0.219
2026-09-27 23:15:00,HVAC,1.286
2026-09-27 23:15:00,Process,0.553
2026-09-27 23:15:00,Lighting,0.391
2026-09-27 23:30:00,Kitchen,0.387
2026-09-27 23:30:00,Laundry,0.207
2026-09-27 23:30:00,HVAC,1.624
2026-09-27 23:30:00,Process,0.505
2026-09-27 23:30:00,Lighting,0.403
2026-09-27 23:45:00,Kitchen,0.395
2026-09-27 23:45:00,Laundry,0.183
2026-09-27 23:45:00,HVAC,1.620
2026-09-27 23:45:00,Process,0.485
2026-09-27 23:45:00,Lighting,0.409
2026-09-28 00:00:00,Kitchen,0.442
2026-09-28 00:00:00,Laundry,0.307
2026-09-28 00:00:00,HVAC,1.792
2026-09-28 00:00:00,Process,1.013
2026-09-28 00:00:00,Lighting,0.352
2026-09-28 00:15:00,Kitchen,0.416
2026-09-28 00:15:00,Laundry,0.304
2026-09-28 00:15:00,HVAC,1.765
2026-09-28 00:15:00,Process,1.226
2026-09-28 00:15:00,Lighting,0.341
2026-09-28 00:30:00,Kitchen,0.422
2026-09-28 00:30:00,Laundry,0.260
2026-09-28 00:30:00,HVAC,1.662
2026-09-28 00:30:00,Process,1.178
2026-09-28 00:30:00,Lighting,0.365
2026-09-28 00:45:00,Kitchen,0.375
2026-09-28 00:45:00,Laundry,0.295
2026-09-28 00:45:00,HVAC,1.471
2026-09-28 00:45:00,Process,0.985
2026-09-28 00:45:00,Lighting,0.340
2026-09-28 01:00:00,Kitchen,0.461
2026-09-28 01:00:00,Laundry,0.271
2026-09-28 01:00:00,HVAC,1.675
2026-09-28 01:00:00,Process,1.083
2026-09-28 01:00:00,Lighting,0.398
2026-09-28 01:15:00,Kitchen,0.372
2026-09-28 01:15:00,Laundry,0.310
2026-09-28 01:15:00,HVAC,1.790
2026-09-28 01:15:00,Process,0.963
2026-09-28 01:15:00,Lighting,0.364
2026-09-28 01:30:00,Kitchen,0.409
2026-09-28 01:30:00,Laundry,0.248
2026-09-28 01:30:00,HVAC,1.623
2026-09-28 01:30:00,Process,1.213
2026-09-28 01:30:00,Lighting,0.375
2026-09-28 01:45:00,Kitchen,0.450
2026-09-28 01:45:00,Laundry,0.249
2026-09-28 01:45:00,HVAC,1.416
2026-09-28 01:45:00,Process,1.217
2026-09-28 01:45:00,Lighting,0.409
2026-09-28 02:00:00,Kitchen,0.443
2026-09-28 02:00:00,Laundry,0.317
2026-09-28 02:00:00,HVAC,1.398
2026-09-28 02:00:00,Process,0.958
2026-09-28 02:00:00,Lighting,0.417
2026-09-28 02:15:00,Kitchen,0.418
2026-09-28 02:15:00,Laundry,0.299
2026-09-28 02:15:00,HVAC,1.713
2026-09-28 02:15:00,Process,1.041
2026-09-28 02:15:00,Lighting,0.328
2026-09-28 02:30:00,Kitchen,0.382
2026-09-28 02:30:00,Laundry,0.279
2026-09-28 02:30:00,HVAC,1.699
2026-09-28 02:30:00,Process,1.045
2026-09-28 02:30:00,Lighting,0.345
2026-09-28 02:45:00,Kitchen,0.444
2026-09-28 02:45:00,Laundry,0.288
2026-09-28 02:45:00,HVAC,1.563
2026-09-28 02:45:00,Process,0.977
2026-09-28 02:45:00,Lighting,0.371
2026-09-28 03:00:00,Kitchen,0.400
2026-09-28 03:00:00,Laundry,0.267
2026-09-28 03:00:00,HVAC,1.647
2026-09-28 03:00:00,Process,1.105
2026-09-28 03:00:00,Lighting,0.342
2026-09-28 03:15:00,Kitchen,0.395
2026-09-28 03:15:00,Laundry,0.244
2026-09-28 03:15:00,HVAC,1.428
2026-09-28 03:15:00,Process,0.974
2026-09-28 03:15:00,Lighting,0.416
2026-09-28 03:30:00,Kitchen,0.393
2026-09-28 03:30:00,Laundry,0.300
2026-09-28 03:30:00,HVAC,1.438
2026-09-28 03:30:00,Process,1.169
2026-09-28 03:30:00,Lighting,0.401
2026-09-28 03:45:00,Kitchen,0.417
2026-09-28 03:45:00,Laundry,0.265
2026-09-28 03:45:00,HVAC,1.676
2026-09-28 03:45:00,Process,1.010
2026-09-28 03:45:00,Lighting,0.367
2026-09-28 04:00:00,Kitchen,0.365
2026-09-28 04:00:00,Laundry,0.285
2026-09-28 04:00:00,HVAC,1.431
2026-09-28 04:00:00,Process,1.195
2026-09-28 04:00:00,Lighting,0.350
2026-09-28 04:15:00,Kitchen,0.365
2026-09-28 04:15:00,Laundry,0.250
2026-09-28 04:15:00,HVAC,1.781
2026-09-28 04:15:00,Process,0.997
2026-09-28 04:15:00,Lighting,0.337
2026-09-28 04:30:00,Kitchen,0.428
2026-09-28 04:30:00,Laundry,0.306
2026-09-28 04:30:00,HVAC,1.654
2026-09-28 04:30:00,Process,1.174
2026-09-28 04:30:00,Lighting,0.342
2026-09-28 04:45:00,Kitchen,0.385
2026-09-28 04:45:00,Laundry,0.243
2026-09-28 04:45:00,HVAC,1.445
2026-09-28 04:45:00,Process,1.184
2026-09-28 04:45:00,Lighting,0.340
2026-09-28 05:00:00,Kitchen,0.395
2026-09-28 05:00:00,Laundry,0.293
2026-09-28 05:00:00,HVAC,1.634
2026-09-28 05:00:00,Process,1.021
2026-09-28 05:00:00,Lighting,0.397
2026-09-28 05:15:00,Kitchen,0.454
2026-09-28 05:15:00,Laundry,0.282
2026-09-28 05:15:00,HVAC,1.702
2026-09-28 05:15:00,Process,0.970
2026-09-28 05:15:00,Lighting,0.401
2026-09-28 05:30:00,Kitchen,0.396
2026-09-28 05:30:00,Laundry,0.268
2026-09-28 05:30:00,HVAC,1.503
2026-09-28 05:30:00,Process,1.040
2026-09-28 05:30:00,Lighting,0.373
2026-09-28 05:45:00,Kitchen,0.392
2026-09-28 05:45:00,Laundry,0.304
2026-09-28 05:45:00,HVAC,1.497
2026-09-28 05:45:00,Process,1.182
2026-09-28 05:45:00,Lighting,0.331
2026-09-28 06:00:00,Kitchen,0.960
2026-09-28 06:00:00,Laundry,0.692
2026-09-28 06:00:00,HVAC,2.298
2026-09-28 06:00:00,Process,4.069
2026-09-28 06:00:00,Lighting,1.171
2026-09-28 06:15:00,Kitchen,0.945
2026-09-28 06:15:00,Laundry,0.622
2026-09-28 06:15:00,HVAC,2.527
2026-09-28 06:15:00,Process,3.641
2026-09-28 06:15:00,Lighting,1.538
2026-09-28 06:30:00,Kitchen,0.911
2026-09-28 06:30:00,Laundry,0.670
2026-09-28 06:30:00,HVAC,2.619
2026-09-28 06:30:00,Process,4.576
2026-09-28 06:30:00,Lighting,1.476
2026-09-28 06:45:00,Kitchen,1.121
2026-09-28 06:45:00,Laundry,0.649
2026-09-28 06:45:00,HVAC,2.444
2026-09-28 06:45:00,Process,3.635
2026-09-28 06:45:00,Lighting,1.245
2026-09-28 07:00:00,Kitchen,2.962
2026-09-28 07:00:00,Laundry,0.796
2026-09-28 07:00:00,HVAC,2.553
2026-09-28 07:00:00,Process,4.444
2026-09-28 07:00:00,Lighting,1.256
2026-09-28 07:15:00,Kitchen,3.025
2026-09-28 07:15:00,Laundry,0.728
2026-09-28 07:15:00,HVAC,2.174
2026-09-28 07:15:00,Process,4.327
2026-09-28 07:15:00,Lighting,1.225
2026-09-28 07:30:00,Kitchen,3.247
2026-09-28 07:30:00,Laundry,0.627
2026-09-28 07:30:00,HVAC,2.597
2026-09-28 07:30:00,Process,3.677
2026-09-28 07:30:00,Lighting,1.373
2026-09-28 07:45:00,Kitchen,3.406
2026-09-28 07:45:00,Laundry,0.652
2026-09-28 07:45:00,HVAC,2.401
2026-09-28 07:45:00,Process,3.649
2026-09-28 07:45:00,Lighting,1.163
2026-09-28 08:00:00,Kitchen,3.602
2026-09-28 08:00:00,Laundry,2.483
2026-09-28 08:00:00,HVAC,2.375
2026-09-28 08:00:00,Process,7.363
2026-09-28 08:00:00,Lighting,1.190
2026-09-28 08:15:00,Kitchen,3.083
2026-09-28 08:15:00,Laundry,2.285
2026-09-28 08:15:00,HVAC,2.983
2026-09-28 08:15:00,Process,8.248
2026-09-28 08:15:00,Lighting,1.447
2026-09-28 08:30:00,Kitchen,3.383
2026-09-28 08:30:00,Laundry,2.785
2026-09-28 08:30:00,HVAC,2.600
2026-09-28 08:30:00,Process,8.414
2026-09-28 08:30:00,Lighting,1.318
2026-09-28 08:45:00,Kitchen,3.681
2026-09-28 08:45:00,Laundry,2.890
2026-09-28 08:45:00,HVAC,2.801
2026-09-28 08:45:00,Process,8.181
2026-09-28 08:45:00,Lighting,1.428
2026-09-28 09:00:00,Kitchen,3.304
2026-09-28 09:00:00,Laundry,2.486
2026-09-28 09:00:00,HVAC,3.461
2026-09-28 09:00:00,Process,6.709
2026-09-28 09:00:00,Lighting,1.413
2026-09-28 09:15:00,Kitchen,3.669
2026-09-28 09:15:00,Laundry,2.392
2026-09-28 09:15:00,HVAC,3.616
2026-09-28 09:15:00,Process,8.430
2026-09-28 09:15:00,Lighting,1.384
2026-09-28 09:30:00,Kitchen,1.000
2026-09-28 09:30:00,Laundry,2.670
2026-09-28 09:30:00,HVAC,4.304
2026-09-28 09:30:00,Process,6.777
2026-09-28 09:30:00,Lighting,1.343
2026-09-28 09:45:00,Kitchen,0.984
2026-09-28 09:45:00,Laundry,2.857
2026-09-28 09:45:00,HVAC,4.309
2026-09-28 09:45:00,Process,6.812
2026-09-28 09:45:00,Lighting,1.492
2026-09-28 10:00:00,Kitchen,1.136
2026-09-28 10:00:00,Laundry,2.885
2026-09-28 10:00:00,HVAC,4.345
2026-09-28 10:00:00,Process,6.899
2026-09-28 10:00:00,Lighting,1.300
2026-09-28 10:15:00,Kitchen,1.048
2026-09-28 10:15:00,Laundry,2.866
2026-09-28 10:15:00,HVAC,4.169
2026-09-28 10:15:00,Process,7.355
2026-09-28 10:15:00,Lighting,1.449
2026-09-28 10:30:00,Kitchen,0.940
2026-09-28 10:30:00,Laundry,2.403
2026-09-28 10:30:00,HVAC,4.792
2026-09-28 10:30:00,Process,7.271
2026-09-28 10:30:00,Lighting,1.536
2026-09-28 10:45:00,Kitchen,0.913
2026-09-28 10:45:00,Laundry,2.369
2026-09-28 10:45:00,HVAC,4.713
2026-09-28 10:45:00,Process,7.972
2026-09-28 10:45:00,Lighting,1.236
2026-09-28 11:00:00,Kitchen,1.170
2026-09-28 11:00:00,Laundry,2.265
2026-09-28 11:00:00,HVAC,4.894
2026-09-28 11:00:00,Process,8.013
2026-09-28 11:00:00,Lighting,1.334
2026-09-28 11:15:00,Kitchen,0.964
2026-09-28 11:15:00,Laundry,2.868
2026-09-28 11:15:00,HVAC,5.673
2026-09-28 11:15:00,Process,8.250
2026-09-28 11:15:00,Lighting,1.253
2026-09-28 11:30:00,Kitchen,0.931
2026-09-28 11:30:00,Laundry,2.347
2026-09-28 11:30:00,HVAC,4.971
2026-09-28 11:30:00,Process,6.808
2026-09-28 11:30:00,Lighting,1.456
2026-09-28 11:45:00,Kitchen,0.938
2026-09-28 11:45:00,Laundry,2.846
2026-09-28 11:45:00,HVAC,5.748
2026-09-28 11:45:00,Process,7.963
2026-09-28 11:45:00,Lighting,1.403
2026-09-28 12:00:00,Kitchen,4.164
2026-09-28 12:00:00,Laundry,0.658
2026-09-28 12:00:00,HVAC,5.201
2026-09-28 12:00:00,Process,7.022
2026-09-28 12:00:00,Lighting,1.172
2026-09-28 12:15:00,Kitchen,4.388
2026-09-28 12:15:00,Laundry,0.610
2026-09-28 12:15:00,HVAC,5.339
2026-09-28 12:15:00,Process,8.163
2026-09-28 12:15:00,Lighting,1.361
2026-09-28 12:30:00,Kitchen,4.510
2026-09-28 12:30:00,Laundry,0.611
2026-09-28 12:30:00,HVAC,5.686
2026-09-28 12:30:00,Process,7.522
2026-09-28 12:30:00,Lighting,1.526
2026-09-28 12:45:00,Kitchen,3.961
2026-09-28 12:45:00,Laundry,0.768
2026-09-28 12:45:00,HVAC,5.584
2026-09-28 12:45:00,Process,7.057
2026-09-28 12:45:00,Lighting,1.167
2026-09-28 13:00:00,Kitchen,4.588
2026-09-28 13:00:00,Laundry,0.794
2026-09-28 13:00:00,HVAC,6.812
2026-09-28 13:00:00,Process,7.462
2026-09-28 13:00:00,Lighting,1.271
2026-09-28 13:15:00,Kitchen,4.662
2026-09-28 13:15:00,Laundry,0.721
2026-09-28 13:15:00,HVAC,6.015
2026-09-28 13:15:00,Process,8.566
2026-09-28 13:15:00,Lighting,1.270
2026-09-28 13:30:00,Kitchen,4.236
2026-09-28 13:30:00,Laundry,0.658
2026-09-28 13:30:00,HVAC,7.007
2026-09-28 13:30:00,Process,7.954
2026-09-28 13:30:00,Lighting,1.248
2026-09-28 13:45:00,Kitchen,5.148
2026-09-28 13:45:00,Laundry,0.773
2026-09-28 13:45:00,HVAC,5.790
2026-09-28 13:45:00,Process,8.102
2026-09-28 13:45:00,Lighting,1.277
2026-09-28 14:00:00,Kitchen,4.906
2026-09-28 14:00:00,Laundry,1.858
2026-09-28 14:00:00,HVAC,5.975
2026-09-28 14:00:00,Process,8.746
2026-09-28 14:00:00,Lighting,1.442
2026-09-28 14:15:00,Kitchen,5.147
2026-09-28 14:15:00,Laundry,2.071
2026-09-28 14:15:00,HVAC,6.143
2026-09-28 14:15:00,Process,8.677
2026-09-28 14:15:00,Lighting,1.478
2026-09-28 14:30:00,Kitchen,1.113
2026-09-28 14:30:00,Laundry,2.068
2026-09-28 14:30:00,HVAC,5.817
2026-09-28 14:30:00,Process,8.597
2026-09-28 14:30:00,Lighting,1.177
2026-09-28 14:45:00,Kitchen,1.096
2026-09-28 14:45:00,Laundry,2.091
2026-09-28 14:45:00,HVAC,5.641
2026-09-28 14:45:00,Process,7.197
2026-09-28 14:45:00,Lighting,1.191
2026-09-28 15:00:00,Kitchen,0.992
2026-09-28 15:00:00,Laundry,2.270
2026-09-28 15:00:00,HVAC,6.280
2026-09-28 15:00:00,Process,8.414
2026-09-28 15:00:00,Lighting,1.317
2026-09-28 15:15:00,Kitchen,1.133
2026-09-28 15:15:00,Laundry,2.026
2026-09-28 15:15:00,HVAC,6.571
2026-09-28 15:15:00,Process,8.271
2026-09-28 15:15:00,Lighting,1.342
2026-09-28 15:30:00,Kitchen,1.020
2026-09-28 15:30:00,Laundry,2.164
2026-09-28 15:30:00,HVAC,5.163
2026-09-28 15:30:00,Process,6.909
2026-09-28 15:30:00,Lighting,1.432
2026-09-28 15:45:00,Kitchen,1.021
2026-09-28 15:45:00,Laundry,1.945
2026-09-28 15:45:00,HVAC,5.726
2026-09-28 15:45:00,Process,8.777
2026-09-28 15:45:00,Lighting,1.515
2026-09-28 16:00:00,Kitchen,1.172
2026-09-28 16:00:00,Laundry,1.820
2026-09-28 16:00:00,HVAC,6.250
2026-09-28 16:00:00,Process,8.861
2026-09-28 16:00:00,Lighting,1.279
2026-09-28 16:15:00,Kitchen,1.105
2026-09-28 16:15:00,Laundry,1.929
2026-09-28 16:15:00,HVAC,4.967
2026-09-28 16:15:00,Process,8.339
2026-09-28 16:15:00,Lighting,1.191
2026-09-28 16:30:00,Kitchen,1.172
2026-09-28 16:30:00,Laundry,1.851
2026-09-28 16:30:00,HVAC,5.832
2026-09-28 16:30:00,Process,7.003
2026-09-28 16:30:00,Lighting,1.202
2026-09-28 16:45:00,Kitchen,1.161
2026-09-28 16:45:00,Laundry,2.261
2026-09-28 16:45:00,HVAC,5.543
2026-09-28 16:45:00,Process,8.135
2026-09-28 16:45:00,Lighting,1.327
2026-09-28 17:00:00,Kitchen,1.106
2026-09-28 17:00:00,Laundry,2.253
2026-09-28 17:00:00,HVAC,5.467
2026-09-28 17:00:00,Process,6.938
2026-09-28 17:00:00,Lighting,1.297
2026-09-28 17:15:00,Kitchen,1.127
2026-09-28 17:15:00,Laundry,1.879
2026-09-28 17:15:00,HVAC,4.334
2026-09-28 17:15:00,Process,8.164
2026-09-28 17:15:00,Lighting,1.494
2026-09-28 17:30:00,Kitchen,1.141
2026-09-28 17:30:00,Laundry,0.653
2026-09-28 17:30:00,HVAC,4.653
2026-09-28 17:30:00,Process,7.082
2026-09-28 17:30:00,Lighting,1.411
2026-09-28 17:45:00,Kitchen,0.988
2026-09-28 17:45:00,Laundry,0.661
2026-09-28 17:45:00,HVAC,4.125
2026-09-28 17:45:00,Process,7.979
2026-09-28 17:45:00,Lighting,1.195
2026-09-28 18:00:00,Kitchen,1.022
2026-09-28 18:00:00,Laundry,0.677
2026-09-28 18:00:00,HVAC,4.137
2026-09-28 18:00:00,Process,4.217
2026-09-28 18:00:00,Lighting,2.153
2026-09-28 18:15:00,Kitchen,1.077
2026-09-28 18:15:00,Laundry,0.720
2026-09-28 18:15:00,HVAC,3.669
2026-09-28 18:15:00,Process,4.031
2026-09-28 18:15:00,Lighting,2.120
2026-09-28 18:30:00,Kitchen,0.907
2026-09-28 18:30:00,Laundry,0.681
2026-09-28 18:30:00,HVAC,3.877
2026-09-28 18:30:00,Process,3.669
2026-09-28 18:30:00,Lighting,2.656
2026-09-28 18:45:00,Kitchen,0.931
2026-09-28 18:45:00,Laundry,0.630
2026-09-28 18:45:00,HVAC,3.857
2026-09-28 18:45:00,Process,4.263
2026-09-28 18:45:00,Lighting,2.403
2026-09-28 19:00:00,Kitchen,4.728
2026-09-28 19:00:00,Laundry,0.613
2026-09-28 19:00:00,HVAC,3.692
2026-09-28 19:00:00,Process,4.130
2026-09-28 19:00:00,Lighting,2.208
2026-09-28 19:15:00,Kitchen,6.009
2026-09-28 19:15:00,Laundry,0.671
2026-09-28 19:15:00,HVAC,3.204
2026-09-28 19:15:00,Process,4.109
2026-09-28 19:15:00,Lighting,2.496
2026-09-28 19:30:00,Kitchen,4.797
2026-09-28 19:30:00,Laundry,0.763
2026-09-28 19:30:00,HVAC,3.250
2026-09-28 19:30:00,Process,3.615
2026-09-28 19:30:00,Lighting,2.170
2026-09-28 19:45:00,Kitchen,4.849
2026-09-28 19:45:00,Laundry,0.712
2026-09-28 19:45:00,HVAC,2.348
2026-09-28 19:45:00,Process,3.957
2026-09-28 19:45:00,Lighting,2.503
2026-09-28 20:00:00,Kitchen,6.133
2026-09-28 20:00:00,Laundry,0.312
2026-09-28 20:00:00,HVAC,2.344
2026-09-28 20:00:00,Process,4.423
2026-09-28 20:00:00,Lighting,2.726
2026-09-28 20:15:00,Kitchen,6.028
2026-09-28 20:15:00,Laundry,0.247
2026-09-28 20:15:00,HVAC,2.547
2026-09-28 20:15:00,Process,3.734
2026-09-28 20:15:00,Lighting,2.317
2026-09-28 20:30:00,Kitchen,4.648
2026-09-28 20:30:00,Laundry,0.313
2026-09-28 20:30:00,HVAC,2.460
2026-09-28 20:30:00,Process,4.553
2026-09-28 20:30:00,Lighting,2.471
2026-09-28 20:45:00,Kitchen,5.617
2026-09-28 20:45:00,Laundry,0.253
2026-09-28 20:45:00,HVAC,2.325
2026-09-28 20:45:00,Process,4.403
2026-09-28 20:45:00,Lighting,2.206
2026-09-28 21:00:00,Kitchen,5.735
2026-09-28 21:00:00,Laundry,0.271
2026-09-28 21:00:00,HVAC,2.289
2026-09-28 21:00:00,Process,4.663
2026-09-28 21:00:00,Lighting,2.684
2026-09-28 21:15:00,Kitchen,4.888
2026-09-28 21:15:00,Laundry,0.268
2026-09-28 21:15:00,HVAC,2.344
2026-09-28 21:15:00,Process,3.804
2026-09-28 21:15:00,Lighting,2.437
2026-09-28 21:30:00,Kitchen,1.136
2026-09-28 21:30:00,Laundry,0.268
2026-09-28 21:30:00,HVAC,2.290
2026-09-28 21:30:00,Process,3.806
2026-09-28 21:30:00,Lighting,2.500
2026-09-28 21:45:00,Kitchen,1.003
2026-09-28 21:45:00,Laundry,0.273
2026-09-28 21:45:00,HVAC,2.121
2026-09-28 21:45:00,Process,4.673
2026-09-28 21:45:00,Lighting,2.462
2026-09-28 22:00:00,Kitchen,0.465
2026-09-28 22:00:00,Laundry,0.242
2026-09-28 22:00:00,HVAC,1.471
2026-09-28 22:00:00,Process,1.175
2026-09-28 22:00:00,Lighting,2.690
2026-09-28 22:15:00,Kitchen,0.398
2026-09-28 22:15:00,Laundry,0.279
2026-09-28 22:15:00,HVAC,1.439
2026-09-28 22:15:00,Process,0.966
2026-09-28 22:15:00,Lighting,2.243
2026-09-28 22:30:00,Kitchen,0.461
2026-09-28 22:30:00,Laundry,0.264
2026-09-28 22:30:00,HVAC,1.502
2026-09-28 22:30:00,Process,1.119
2026-09-28 22:30:00,Lighting,2.553
2026-09-28 22:45:00,Kitchen,0.370
2026-09-28 22:45:00,Laundry,0.267
2026-09-28 22:45:00,HVAC,1.419
2026-09-28 22:45:00,Process,1.180
2026-09-28 22:45:00,Lighting,2.491
2026-09-28 23:00:00,Kitchen,0.476
2026-09-28 23:00:00,Laundry,0.290
2026-09-28 23:00:00,HVAC,1.438
2026-09-28 23:00:00,Process,1.075
2026-09-28 23:00:00,Lighting,0.335
2026-09-28 23:15:00,Kitchen,0.369
2026-09-28 23:15:00,Laundry,0.270
2026-09-28 23:15:00,HVAC,1.624
2026-09-28 23:15:00,Process,1.197
2026-09-28 23:15:00,Lighting,0.392
2026-09-28 23:30:00,Kitchen,0.457
2026-09-28 23:30:00,Laundry,0.253
2026-09-28 23:30:00,HVAC,1.505
2026-09-28 23:30:00,Process,1.005
2026-09-28 23:30:00,Lighting,0.384
2026-09-28 23:45:00,Kitchen,0.438
2026-09-28 23:45:00,Laundry,0.304
2026-09-28 23:45:00,HVAC,1.617
2026-09-28 23:45:00,Process,1.149
2026-09-28 23:45:00,Lighting,0.360
